filename_audio|filename_transcript|transkripsi|ground_truth|wer|cer|hasil_llm|status|latency|path_audio_eval|correctness_1_5|naturalness_1_5|intelligibility_1_3
2128_audio1.wav|audio01.txt|Ya al-Qi, huridu buk flaik ilah jeddah al-usbu al-qadim hal bisa bantu ajidah afdal skedul warilhatan mubasyurah.|Aku mau book flight ke Jeddah minggu depan, bisa bantu schedule?|1.2727|1.1875|"```json {   """"perbaikan"""": """"Ya Al-Qi, saya ingin memesan tiket pesawat ke Jeddah minggu depan, apakah bisa membantu mencarikan jadwal terbaik dan penerbangan langsung?"""",   """"tagging"""": """"[AR:Ya al-Qi, huridu] [EN:buk flaik ilah] [AR:jeddah al-usbu al-qadim] [ID:hal bisa bantu ajidah afdal] [EN:skedul warilhatan mubasyurah]"""",   """"respon"""": """"Anda dapat mencari penerbangan langsung ke Jeddah melalui situs resmi maskapai penerbangan atau aplikasi perjalanan daring. Pastikan untuk memesan tiket sesegera mungkin guna mendapatkan jadwal terbaik untuk keberangkatan minggu depan."""" } ```"|SUCCESS|34.26|data/evaluation_output/audio_results\2128_audio1.wav|||
2128_audio10.wav|audio10.txt|Jelaskan step-by-step cara booking flag ke jeda secara online.|Apa perbedaan umrah dan hajj secara detail dalam Islam|1.0|0.8704|"```json {   """"perbaikan"""": """"Jelaskan langkah demi langkah cara memesan tiket pesawat ke Jeddah secara daring."""",   """"tagging"""": """"[ID:Jelaskan] [EN:step-by-step] [ID:cara] [EN:booking] [EN:flag] [ID:ke] [ID:jeda] [ID:secara] [ID:online]"""",   """"respon"""": """"Anda dapat mengakses situs resmi maskapai atau platform pemesanan tiket untuk memilih jadwal dan maskapai penerbangan. Setelah memilih jadwal, lengkapi data diri, lakukan pembayaran, dan pastikan Anda menerima e-tiket melalui surat elektronik."""" } ```"|SUCCESS|33.11|data/evaluation_output/audio_results\2128_audio10.wav|||
2128_audio2.wav|audio02.txt|uridu orange transport min jeda ila madinda ghadan|Aku butuh travel umrah simple tapi include Madinah visit|1.0|0.6964|"```json {   """"perbaikan"""": """"Saya ingin mengatur transportasi dari Jeddah ke Madinah besok."""",   """"tagging"""": """"[AR:uridu] [EN:orange] [EN:transport] [EN:min] [AR:jeda] [AR:ila] [AR:madinda] [AR:ghadan]"""",   """"respon"""": """"Anda dapat memesan layanan kereta cepat atau bus untuk perjalanan dari Jeddah ke Madinah besok. Disarankan untuk melakukan pemesanan tiket jauh sebelumnya agar mendapatkan jadwal yang diinginkan."""" } ```"|SUCCESS|34.36|data/evaluation_output/audio_results\2128_audio2.wav|||
2128_audio3.wav|audio03.txt|Can you help aku arrange transport dari Jeddah ke Madinah tomorrow?|Can you help aku arrange transport dari Jeddah ke Madinah tomorrow|0.0909|0.0152|"```json {   """"perbaikan"""": """"Bisakah Anda membantu saya mengatur transportasi dari Jeddah ke Madinah besok?"""",   """"tagging"""": """"[EN:Can you help] [ID:aku] [EN:arrange transport] [ID:dari] [ID:Jeddah] [ID:ke] [ID:Madinah] [EN:tomorrow?]"""",   """"respon"""": """"Anda dapat memesan tiket kereta cepat atau layanan bus melalui aplikasi transportasi resmi untuk perjalanan besok. Pastikan Anda melakukan pemesanan segera agar mendapatkan jadwal yang sesuai dengan rencana Anda."""" } ```"|SUCCESS|47.89|data/evaluation_output/audio_results\2128_audio3.wav|||
2128_audio4.wav|audio04.txt|Explain step-by-step cara apply visa Saudi dengan benar.|Explain step by step cara apply visa Saudi dengan benar|0.4|0.0545|"```json {   """"perbaikan"""": """"Jelaskan langkah demi langkah cara mengajukan visa Arab Saudi dengan benar."""",   """"tagging"""": """"[EN:Explain step-by-step] [ID:cara apply visa Saudi dengan benar.]"""",   """"respon"""": """"Anda dapat mengajukan visa melalui situs resmi platform visa Arab Saudi atau melalui agen perjalanan resmi. Pastikan semua dokumen pendukung telah lengkap dan sesuai dengan ketentuan yang berlaku agar proses pengajuan berjalan lancar."""" } ```"|SUCCESS|32.59|data/evaluation_output/audio_results\2128_audio4.wav|||
2128_audio5.wav|audio05.txt|Aku mau book flight ke Jeddah minggu depan. Bisa bantu schedule?|Ya akhi, uridu book flight ila Jeddah al-usbu'al qadim. Hal bisa bantu ajida afdhal schedule wa rihlatan mubashirah?|0.7222|0.5776|"```json {   """"perbaikan"""": """"Saya ingin memesan tiket penerbangan ke Jeddah minggu depan. Bisakah Anda membantu mengatur jadwalnya?"""",   """"tagging"""": """"[ID:Aku] [ID:mau] [EN:book flight] [ID:ke] [ID:Jeddah] [ID:minggu] [ID:depan.] [ID:Bisa] [ID:bantu] [EN:schedule?]"""",   """"respon"""": """"Saya dapat memberikan informasi jadwal penerbangan umum, tetapi pemesanan tiket harus dilakukan melalui situs resmi maskapai atau agen perjalanan. Silakan tentukan tanggal keberangkatan Anda untuk bantuan lebih lanjut."""" } ```"|SUCCESS|51.93|data/evaluation_output/audio_results\2128_audio5.wav|||
2128_audio6.wav|audio06.txt|Aku butuh travel umrah simple, tapi ikut Medina Fisit.|Urīdu arrange transport min Jeddah ilā Madinah ghadan|1.125|0.7358|"```json {   """"perbaikan"""": """"Saya membutuhkan paket perjalanan umrah yang praktis, tetapi sudah termasuk kunjungan ke Madinah."""",   """"tagging"""": """"[ID:Aku butuh travel umrah simple, tapi ikut] [EN:Medina] [EN:Fisit]."""",   """"respon"""": """"Anda dapat mencari paket umrah praktis yang sudah mencakup kunjungan ke Madinah melalui agen perjalanan resmi. Pastikan untuk meninjau rincian rencana perjalanan agar sesuai dengan keinginan Anda."""" } ```"|SUCCESS|32.07|data/evaluation_output/audio_results\2128_audio6.wav|||
2128_audio7.wav|audio07.txt|How to prepare dokumen umrah dari Indonesia dengan benar.|Book flight ke Jeddah lalu lanjut ke Madinah, schedule terbaik kapan|1.0|0.7647|"```json {   """"perbaikan"""": """"Bagaimana cara menyiapkan dokumen umrah dari Indonesia dengan benar?"""",   """"tagging"""": """"[EN:How to prepare] [ID:dokumen umrah dari Indonesia dengan benar.]"""",   """"respon"""": """"Anda perlu menyiapkan paspor dengan masa berlaku minimal enam bulan, visa umrah, serta bukti vaksinasi yang diperlukan. Pastikan seluruh dokumen tersebut telah diverifikasi oleh biro perjalanan resmi Anda."""" } ```"|SUCCESS|45.62|data/evaluation_output/audio_results\2128_audio7.wav|||
2128_audio8.wav|audio08.txt|Bagaimana proses visa Saudi untuk Umrah dari Indonesia sekarang?|uridu schedule trip min jeddah ila makkah bukra sabah|1.0|0.9811|"```json {   """"perbaikan"""": """"Bagaimana proses visa Saudi untuk umrah dari Indonesia saat ini?"""",   """"tagging"""": """"[ID:Bagaimana proses visa Saudi untuk Umrah dari Indonesia sekarang?]"""",   """"respon"""": """"Proses visa umrah saat ini dapat dilakukan secara daring melalui platform resmi pemerintah Arab Saudi atau melalui biro perjalanan terpercaya. Pastikan paspor Anda masih berlaku setidaknya enam bulan sebelum memulai pengajuan."""" } ```"|SUCCESS|31.29|data/evaluation_output/audio_results\2128_audio8.wav|||
2128_audio9.wav|audio09.txt|Get aku cara pilih hotel di Mekah dekat Haram dengan budget terbatas.|mumkin book transport min makkah ila madinah untuk besok?|1.3333|0.8772|"```json {   """"perbaikan"""": """"Berikan saya cara memilih hotel di Mekah yang dekat dengan Masjidil Haram dengan anggaran terbatas."""",   """"tagging"""": """"[EN:Get] [ID:aku cara pilih hotel di Mekah dekat] [ID:Haram] [ID:dengan budget terbatas.]"""",   """"respon"""": """"Anda dapat mencari hotel di area perluasan atau area yang sedikit lebih jauh namun memiliki akses bus gratis menuju Masjidil Haram. Gunakan situs pemesanan daring untuk membandingkan harga dan mencari penawaran terbaik sesuai anggaran Anda."""" } ```"|SUCCESS|33.42|data/evaluation_output/audio_results\2128_audio9.wav|||
2222_audio1.wav|audio01.txt|Aku mau book flight ke Jeddah minggu depan, bisa bantu schedule.|Aku mau book flight ke Jeddah minggu depan, bisa bantu schedule?|0.0909|0.0156|"```json {   """"perbaikan"""": """"Saya ingin memesan tiket pesawat ke Jeddah minggu depan, bisakah Anda membantu mengatur jadwalnya?"""",   """"tagging"""": """"[ID:Aku mau] [EN:book flight] [ID:ke Jeddah minggu depan, bisa bantu] [EN:schedule.]"""",   """"respon"""": """"Anda dapat memeriksa jadwal penerbangan melalui situs web resmi maskapai atau agen perjalanan untuk mendapatkan jadwal terbaik. Segera lakukan pemesanan agar Anda mendapatkan ketersediaan kursi dan harga yang sesuai."""" } ```"|SUCCESS|48.77|data/evaluation_output/audio_results\2222_audio1.wav|||
2222_audio10.wav|audio10.txt|Apa perbedaan umroh dan hajj secara detail dalam Islam?|Apa perbedaan umrah dan hajj secara detail dalam Islam|0.2222|0.037|"```json {   """"perbaikan"""": """"Apa perbedaan antara umrah dan haji secara detail dalam Islam?"""",   """"tagging"""": """"[ID:Apa perbedaan umroh dan hajj secara detail dalam Islam?]"""",   """"respon"""": """"Perbedaan utama terletak pada waktu pelaksanaan, di mana haji hanya dilakukan pada bulan Zulhijah, sedangkan umrah dapat dilakukan kapan saja. Selain itu, haji memiliki rukun yang lebih banyak, termasuk wukuf di Arafah, yang tidak ada dalam ibadah umrah."""" } ```"|SUCCESS|32.32|data/evaluation_output/audio_results\2222_audio10.wav|||
2222_audio12.wav|audio12.txt|Bagaimana proses visa Saudi untuk umrah dari Indonesia sekarang?|Bagaimana proses visa Saudi untuk umrah dari Indonesia sekarang|0.1111|0.0159|"```json {   """"perbaikan"""": """"Bagaimana proses visa Arab Saudi untuk umrah dari Indonesia saat ini?"""",   """"tagging"""": """"[ID:Bagaimana proses visa] [ID:Saudi] [ID:untuk umrah dari Indonesia sekarang?]"""",   """"respon"""": """"Proses pengajuan visa umrah saat ini umumnya dilakukan melalui biro perjalanan resmi atau melalui platform visa elektronik resmi. Pastikan Anda mengikuti instruksi terbaru mengenai persyaratan dokumen dan prosedur kesehatan yang berlaku."""" } ```"|SUCCESS|32.13|data/evaluation_output/audio_results\2222_audio12.wav|||
2222_audio14.wav|audio14.txt|How to prepare dokumen umrah dari Indonesia dengan benar?|How to prepare dokumen umrah dari Indonesia dengan benar|0.1111|0.0179|"```json {   """"perbaikan"""": """"Bagaimana cara menyiapkan dokumen umrah dari Indonesia dengan benar?"""",   """"tagging"""": """"[EN:How to prepare] [ID:dokumen umrah dari Indonesia dengan benar?]"""",   """"respon"""": """"Anda perlu menyiapkan paspor dengan masa berlaku minimal enam bulan, visa umrah, serta dokumen kesehatan yang diperlukan. Sangat disarankan untuk selalu berkonsultasi dengan biro perjalanan resmi agar seluruh administrasi Anda terpenuhi dengan benar."""" } ```"|SUCCESS|46.45|data/evaluation_output/audio_results\2222_audio14.wav|||
2222_audio2.wav|audio02.txt|aku butuh travel umrah simple tapi include madinah visit|Aku butuh travel umrah simple tapi include Madinah visit|0.0|0.0|"```json {   """"perbaikan"""": """"Saya membutuhkan biro perjalanan umrah yang praktis namun sudah termasuk kunjungan ke Madinah."""",   """"tagging"""": """"[ID:aku butuh travel umrah simple tapi include] [EN:madinah visit]"""",   """"respon"""": """"Anda dapat mencari paket umrah praktis yang sudah mencakup kunjungan ke Madinah melalui agen perjalanan resmi. Pastikan Anda meninjau rincian jadwal perjalanan agar sesuai dengan keinginan Anda."""" } ```"|SUCCESS|30.98|data/evaluation_output/audio_results\2222_audio2.wav|||
2222_audio3.wav|audio03.txt|Can you help aku arrange transport dari Jeddah ke Madinah tomorrow?|Can you help aku arrange transport dari Jeddah ke Madinah tomorrow|0.0909|0.0152|"```json {   """"perbaikan"""": """"Bisakah Anda membantu saya mengatur transportasi dari Jeddah ke Madinah besok?"""",   """"tagging"""": """"[EN:Can you help] [ID:aku] [EN:arrange transport] [ID:dari] [ID:Jeddah] [ID:ke] [ID:Madinah] [EN:tomorrow?]"""",   """"respon"""": """"Anda dapat menggunakan layanan kereta cepat atau bus untuk perjalanan tersebut. Disarankan untuk memesan tiket secara daring guna memastikan ketersediaan jadwal besok."""" } ```"|SUCCESS|60.55|data/evaluation_output/audio_results\2222_audio3.wav|||
2222_audio4.wav|audio04.txt|Explain step by step cara apply visa Saudi dengan benar|Explain step by step cara apply visa Saudi dengan benar|0.0|0.0|"```json {   """"perbaikan"""": """"Jelaskan langkah demi langkah cara mengajukan visa Arab Saudi dengan benar."""",   """"tagging"""": """"[EN:Explain step by step] [ID:cara apply visa Saudi dengan benar]"""",   """"respon"""": """"Anda dapat mengajukan visa secara daring melalui platform resmi pemerintah Arab Saudi atau melalui agen perjalanan resmi. Pastikan semua dokumen pendukung telah diunggah dengan benar untuk menghindari penolakan."""" } ```"|SUCCESS|30.55|data/evaluation_output/audio_results\2222_audio4.wav|||
2222_audio5.wav|audio05.txt|Ya akhi uridu bukflaik ila jedah al-usbu'al qadim hal bisa bantu ajidah aftal skedul warihlatan mubasyirah|Ya akhi, uridu book flight ila Jeddah al-usbu'al qadim. Hal bisa bantu ajida afdhal schedule wa rihlatan mubashirah?|0.6111|0.1638|"```json {   """"perbaikan"""": """"Ya saudara, saya ingin memesan tiket pesawat ke Jeddah minggu depan, apakah Anda bisa membantu membuatkan jadwal perjalanan langsung?"""",   """"tagging"""": """"[ID:Ya] [AR:akhi] [AR:uridu] [EN:bukflaik] [AR:ila] [AR:jedah] [AR:al-usbu'al] [AR:qadim] [ID:hal bisa bantu] [ID:ajidah] [ID:aftal] [EN:skedul] [AR:warihlatan] [AR:mubasyirah]"""",   """"respon"""": """"Anda dapat memeriksa ketersediaan jadwal penerbangan ke Jeddah melalui situs resmi maskapai penerbangan. Untuk menyusun rencana perjalanan langsung, saya sarankan Anda menghubungi agen perjalanan resmi guna mendapatkan pengaturan jadwal yang paling efisien."""" } ```"|SUCCESS|35.69|data/evaluation_output/audio_results\2222_audio5.wav|||
2222_audio6.wav|audio06.txt|uridu arrange transport menjedah ila madinah wadan|Urīdu arrange transport min Jeddah ilā Madinah ghadan|0.625|0.1321|"```json {   """"perbaikan"""": """"Saya ingin mengatur transportasi dari Jeddah ke Madinah."""",   """"tagging"""": """"[AR:uridu] [EN:arrange transport] [ID:menjedah] [AR:ila] [ID:madinah] [ID:wadan]"""",   """"respon"""": """"Anda dapat menggunakan layanan kereta cepat atau bus untuk perjalanan dari Jeddah ke Madinah. Disarankan untuk melakukan pemesanan tiket terlebih dahulu secara daring demi kenyamanan perjalanan Anda."""" } ```"|SUCCESS|31.87|data/evaluation_output/audio_results\2222_audio6.wav|||
2222_audio7.wav|audio07.txt|Book flight ke Jeddah lalu lanjut ke Madinah, schedule terbaik kapan?|Book flight ke Jeddah lalu lanjut ke Madinah, schedule terbaik kapan|0.0909|0.0147|"```json {   """"perbaikan"""": """"Bagaimana jadwal terbaik untuk memesan penerbangan ke Jeddah dan kemudian melanjutkan perjalanan ke Madinah?"""",   """"tagging"""": """"[EN:Book flight] [ID:ke Jeddah lalu lanjut ke Madinah,] [EN:schedule] [ID:terbaik kapan?]"""",   """"respon"""": """"Jadwal terbaik sangat bergantung pada ketersediaan tiket maskapai penerbangan dan waktu keberangkatan Anda. Anda disarankan untuk memeriksa situs resmi maskapai guna mendapatkan informasi jadwal yang paling sesuai."""" } ```"|SUCCESS|42.26|data/evaluation_output/audio_results\2222_audio7.wav|||
2301_audio1.wav|audio01.txt|Aku mau book fly ke jedah minggu depan. Bisa bantu schedule?|Aku mau book flight ke Jeddah minggu depan, bisa bantu schedule?|0.2727|0.0938|"```json {   """"perbaikan"""": """"Saya ingin memesan penerbangan ke Jeddah minggu depan. Bisakah Anda membantu mengatur jadwalnya?"""",   """"tagging"""": """"[ID:Aku mau] [EN:book fly] [ID:ke jedah minggu depan. Bisa bantu] [EN:schedule?]"""",   """"respon"""": """"Anda dapat memeriksa jadwal penerbangan melalui situs resmi maskapai atau agen perjalanan untuk mendapatkan waktu keberangkatan yang sesuai. Segera lakukan pemesanan untuk memastikan ketersediaan kursi pada minggu depan."""" } ```"|SUCCESS|33.33|data/evaluation_output/audio_results\2301_audio1.wav|||
2301_audio11.wav|audio11.txt|Kenapa fasting di ramadhan itu wajib bagi muslim?|kenapa fasting di ramadan itu wajib bagi muslim|0.25|0.0426|"```json {   """"perbaikan"""": """"Mengapa berpuasa di bulan Ramadan itu wajib bagi umat Muslim?"""",   """"tagging"""": """"[ID:Kenapa fasting di ramadhan itu wajib bagi muslim?]"""",   """"respon"""": """"Puasa di bulan Ramadan adalah salah satu rukun Islam yang wajib dijalankan oleh setiap Muslim yang telah memenuhi syarat. Hal ini merupakan bentuk ketaatan dan perintah langsung dari Allah SWT dalam kitab suci Al-Qur'an."""" } ```"|SUCCESS|32.39|data/evaluation_output/audio_results\2301_audio11.wav|||
2301_audio12.wav|audio12.txt|Bagaimana proses visa Saudi untuk umroh dari Indonesia sekarang?|Bagaimana proses visa Saudi untuk umrah dari Indonesia sekarang|0.2222|0.0317|"```json {   """"perbaikan"""": """"Bagaimana proses visa Saudi untuk umrah dari Indonesia saat ini?"""",   """"tagging"""": """"[ID:Bagaimana proses visa Saudi untuk umroh dari Indonesia sekarang?]"""",   """"respon"""": """"Proses visa umrah saat ini dapat dilakukan secara daring melalui platform resmi seperti Nusuk atau melalui biro perjalanan umrah yang terdaftar. Anda perlu menyiapkan paspor, foto terbaru, dan mengikuti instruksi pembayaran sesuai ketentuan pemerintah Arab Saudi."""" } ```"|SUCCESS|33.26|data/evaluation_output/audio_results\2301_audio12.wav|||
2301_audio14.wav|audio14.txt|How to prepare dokumen umroh dari Indonesia dengan benar|How to prepare dokumen umrah dari Indonesia dengan benar|0.1111|0.0179|"```json {   """"perbaikan"""": """"Bagaimana cara menyiapkan dokumen umrah dari Indonesia dengan benar?"""",   """"tagging"""": """"[EN:How to prepare] [ID:dokumen umroh dari Indonesia dengan benar]"""",   """"respon"""": """"Anda perlu menyiapkan paspor dengan masa berlaku minimal enam bulan, visa umrah, serta dokumen kesehatan yang diperlukan. Disarankan untuk berkonsultasi dengan biro perjalanan resmi guna memastikan seluruh persyaratan administrasi telah terpenuhi."""" } ```"|SUCCESS|45.79|data/evaluation_output/audio_results\2301_audio14.wav|||
2301_audio15.wav|audio15.txt|Tolong buat checklist persiapan umroh termasuk barang wajib dibawa.|Tolong buat checklist persiapan umrah termasuk barang wajib dibawa|0.2222|0.0303|"```json {   """"perbaikan"""": """"Tolong buatkan daftar periksa persiapan umrah termasuk barang-barang wajib yang harus dibawa."""",   """"tagging"""": """"[ID:Tolong buat] [ID:checklist] [ID:persiapan umroh] [ID:termasuk] [ID:barang wajib dibawa.]"""",   """"respon"""": """"Daftar periksa Anda harus mencakup paspor, dokumen visa, pakaian ihram, serta obat-obatan pribadi. Selain itu, jangan lupa membawa perlengkapan mandi, charger ponsel, dan alas kaki yang nyaman untuk beribadah."""" } ```"|SUCCESS|33.02|data/evaluation_output/audio_results\2301_audio15.wav|||
2301_audio2.wav|audio02.txt|Aku butuh travel umrah simple, tapi include Madinah visit.|Aku butuh travel umrah simple tapi include Madinah visit|0.2222|0.0357|"```json {   """"perbaikan"""": """"Saya membutuhkan biro perjalanan umrah yang praktis, tetapi sudah termasuk kunjungan ke Madinah."""",   """"tagging"""": """"[ID:Aku butuh travel umrah simple, tapi include] [EN:Madinah visit.]"""",   """"respon"""": """"Anda dapat mencari paket umrah praktis yang sudah mencakup kunjungan ke Madinah melalui agen perjalanan resmi. Pastikan Anda meninjau rincian rencana perjalanan agar sesuai dengan kebutuhan Anda."""" } ```"|SUCCESS|32.89|data/evaluation_output/audio_results\2301_audio2.wav|||
2301_audio3.wav|audio03.txt|Can you help aku arrange transport dari Jeddah ke Madinah tomorrow?|Can you help aku arrange transport dari Jeddah ke Madinah tomorrow|0.0909|0.0152|"```json {   """"perbaikan"""": """"Bisakah Anda membantu saya mengatur transportasi dari Jeddah ke Madinah besok?"""",   """"tagging"""": """"[EN:Can you help] [ID:aku] [EN:arrange transport] [ID:dari] [ID:Jeddah] [ID:ke] [ID:Madinah] [EN:tomorrow?]"""",   """"respon"""": """"Anda dapat memesan tiket kereta cepat atau bus melalui aplikasi resmi untuk perjalanan besok. Segera lakukan pemesanan guna memastikan ketersediaan jadwal dan kursi."""" } ```"|SUCCESS|49.37|data/evaluation_output/audio_results\2301_audio3.wav|||
2301_audio4.wav|audio04.txt|Explain step by step cara apply visa Saudi dengan benar|Explain step by step cara apply visa Saudi dengan benar|0.0|0.0|"```json {   """"perbaikan"""": """"Jelaskan langkah demi langkah cara mengajukan visa Saudi dengan benar."""",   """"tagging"""": """"[EN:Explain step by step] [ID:cara apply visa Saudi dengan benar]"""",   """"respon"""": """"Anda dapat mengajukan visa melalui platform resmi pemerintah Arab Saudi atau melalui biro perjalanan umrah terpercaya. Pastikan paspor Anda masih berlaku dan seluruh dokumen pendukung telah disiapkan sesuai ketentuan yang berlaku."""" } ```"|SUCCESS|31.24|data/evaluation_output/audio_results\2301_audio4.wav|||
2301_audio5.wav|audio05.txt|"Ya akhi, uri du buk flight ila jidah al-usbu al-qadim. Hal bisa bantu ajidah afdal skajul warih latan mubashiroh?"|Ya akhi, uridu book flight ila Jeddah al-usbu'al qadim. Hal bisa bantu ajida afdhal schedule wa rihlatan mubashirah?|0.6667|0.1552|"```json {   """"perbaikan"""": """"Ya saudara, saya ingin memesan tiket pesawat ke Jeddah minggu depan. Bisakah Anda membantu mencari jadwal terbaik untuk keberangkatan langsung?"""",   """"tagging"""": """"[ID:Ya] [AR:akhi], [EN:uri du buk flight] [AR:ila] [AR:jidah] [AR:al-usbu al-qadim]. [ID:Hal bisa bantu] [AR:ajidah] [ID:afdal] [EN:skajul] [AR:warih latan mubashiroh?]"""",   """"respon"""": """"Anda dapat memeriksa jadwal penerbangan langsung ke Jeddah melalui situs resmi maskapai atau agen perjalanan terpercaya. Segera lakukan pemesanan untuk minggu depan agar mendapatkan waktu keberangkatan yang paling sesuai."""" } ```"|SUCCESS|36.75|data/evaluation_output/audio_results\2301_audio5.wav|||
2301_audio6.wav|audio06.txt|Uridu Range Transport menjedah ila Madinah Ghodan|Urīdu arrange transport min Jeddah ilā Madinah ghadan|0.75|0.1509|"```json {   """"perbaikan"""": """"Saya ingin mengatur transportasi dari Jeddah ke Madinah besok."""",   """"tagging"""": """"[AR:Uridu] [EN:Range Transport] [AR:menjedah ila Madinah] [AR:Ghodan]"""",   """"respon"""": """"Anda dapat memesan layanan kereta cepat atau bus untuk perjalanan dari Jeddah ke Madinah besok. Disarankan untuk melakukan pemesanan lebih awal guna memastikan ketersediaan jadwal."""" } ```"|SUCCESS|31.97|data/evaluation_output/audio_results\2301_audio6.wav|||
2302_audio01.wav|audio01.txt|Aku mau book flight ke Jeddah minggu depan, bisa bantu schedule.|Aku mau book flight ke Jeddah minggu depan, bisa bantu schedule?|0.0909|0.0156|"```json {   """"perbaikan"""": """"Saya ingin memesan tiket pesawat ke Jeddah minggu depan, bisakah Anda membantu mengatur jadwalnya?"""",   """"tagging"""": """"[ID:Aku mau] [EN:book flight] [ID:ke Jeddah minggu depan, bisa bantu] [EN:schedule.]"""",   """"respon"""": """"Anda dapat memeriksa jadwal penerbangan melalui situs resmi maskapai atau agen perjalanan. Segera lakukan pemesanan agar Anda mendapatkan jadwal dan harga yang sesuai."""" } ```"|SUCCESS|44.78|data/evaluation_output/audio_results\2302_audio01.wav|||
2302_audio02.wav|audio02.txt|Aku butuh travel umroh simpel, tapi include Madinah visit.|Aku butuh travel umrah simple tapi include Madinah visit|0.3333|0.0714|"```json {   """"perbaikan"""": """"Saya membutuhkan paket perjalanan umrah yang praktis, tetapi sudah termasuk kunjungan ke Madinah."""",   """"tagging"""": """"[ID:Aku butuh travel umroh simpel, tapi] [EN:include] [ID:Madinah] [EN:visit.]"""",   """"respon"""": """"Anda dapat mencari paket umrah praktis yang sudah mencakup kunjungan ke Madinah melalui agen perjalanan resmi. Pastikan untuk meninjau rincian rencana perjalanan agar sesuai dengan kebutuhan Anda."""" } ```"|SUCCESS|31.73|data/evaluation_output/audio_results\2302_audio02.wav|||
2302_audio03.wav|audio03.txt|Can you help? Aku arrange transport dari Jeddah ke Madinah tomorrow.|Can you help aku arrange transport dari Jeddah ke Madinah tomorrow|0.1818|0.0303|"```json {   """"perbaikan"""": """"Bisakah Anda membantu saya mengatur transportasi dari Jeddah ke Madinah besok?"""",   """"tagging"""": """"[EN:Can you help?] [ID:Aku] [EN:arrange transport] [ID:dari Jeddah ke Madinah] [EN:tomorrow.]"""",   """"respon"""": """"Anda dapat memesan tiket kereta cepat atau bus melalui aplikasi resmi untuk perjalanan besok. Segera lakukan pemesanan guna memastikan ketersediaan jadwal dan kursi."""" } ```"|SUCCESS|42.29|data/evaluation_output/audio_results\2302_audio03.wav|||
2302_audio04.wav|audio04.txt|Expand step by step cara apply visa Saudi dengan benar.|Explain step by step cara apply visa Saudi dengan benar|0.2|0.0727|"```json {   """"perbaikan"""": """"Jelaskan langkah demi langkah cara mengajukan visa Arab Saudi dengan benar."""",   """"tagging"""": """"[EN:Expand step by step] [ID:cara] [EN:apply] [ID:visa Saudi dengan benar.]"""",   """"respon"""": """"Pertama, kunjungi situs resmi atau aplikasi Nusuk untuk mengisi formulir pengajuan visa secara daring. Selanjutnya, unggah dokumen pendukung seperti paspor dan bukti kesehatan, lalu selesaikan pembayaran biaya visa yang ditentukan."""" } ```"|SUCCESS|60.31|data/evaluation_output/audio_results\2302_audio04.wav|||
2302_audio05.wav|audio05.txt|Ya akhi, uri dubu flight ila jeddah al-usbu al-khadim hal bitha bantu ajida afdal schedule warih latan mubassiroh.|Ya akhi, uridu book flight ila Jeddah al-usbu'al qadim. Hal bisa bantu ajida afdhal schedule wa rihlatan mubashirah?|0.5|0.1552|"```json {   """"perbaikan"""": """"Saudara, saya ingin mencari penerbangan ke Jeddah minggu depan, bisakah Anda membantu saya menemukan jadwal terbaik?"""",   """"tagging"""": """"[AR:Ya akhi], [AR:uri dubu] [EN:flight] [AR:ila] [ID:jeddah] [AR:al-usbu al-khadim] [AR:hal bitha] [ID:bantu] [AR:ajida afdal] [EN:schedule] [AR:warih latan mubassiroh]"""",   """"respon"""": """"Anda dapat memeriksa jadwal penerbangan terbaik ke Jeddah melalui situs resmi maskapai atau agen perjalanan. Disarankan untuk segera melakukan pemesanan agar mendapatkan waktu keberangkatan yang sesuai dengan rencana Anda."""" } ```"|SUCCESS|70.92|data/evaluation_output/audio_results\2302_audio05.wav|||
2302_audio06.wav|audio06.txt|Uridu Range Transport Minjida ila Madinah Hadad|Urīdu arrange transport min Jeddah ilā Madinah ghadan|0.75|0.1887|"```json {   """"perbaikan"""": """"Saya ingin mengatur transportasi dari Jeddah ke Madinah besok."""",   """"tagging"""": """"[AR:Uridu] [EN:Range] [EN:Transport] [AR:Min] [ID:Jeddah] [AR:ila] [ID:Madinah] [AR:Hadad]"""",   """"respon"""": """"Anda dapat memesan tiket kereta cepat atau layanan bus melalui aplikasi resmi untuk perjalanan besok. Segera lakukan pemesanan guna memastikan ketersediaan jadwal dan kursi."""" } ```"|SUCCESS|57.72|data/evaluation_output/audio_results\2302_audio06.wav|||
2302_audio11.wav|audio11.txt|Kenapa fasting di Ramadan itu wajib bagi muslim?|kenapa fasting di ramadan itu wajib bagi muslim|0.125|0.0213|"```json {   """"perbaikan"""": """"Mengapa berpuasa di bulan Ramadan itu wajib bagi umat Muslim?"""",   """"tagging"""": """"[ID:Kenapa fasting di Ramadan itu wajib bagi muslim?]"""",   """"respon"""": """"Puasa di bulan Ramadan merupakan salah satu rukun Islam yang wajib dilaksanakan sebagai bentuk ketaatan kepada perintah Allah SWT. Hal ini bertujuan untuk meningkatkan ketakwaan, melatih kesabaran, dan menumbuhkan rasa empati terhadap sesama."""" } ```"|SUCCESS|30.7|data/evaluation_output/audio_results\2302_audio11.wav|||
2302_audio14.wav|audio14.txt|How to prepare dokumen umroh dari Indonesia dengan benar?|How to prepare dokumen umrah dari Indonesia dengan benar|0.2222|0.0357|"```json {   """"perbaikan"""": """"Bagaimana cara menyiapkan dokumen umrah dari Indonesia dengan benar?"""",   """"tagging"""": """"[EN:How to prepare] [ID:dokumen umroh dari Indonesia dengan benar?]"""",   """"respon"""": """"Anda perlu menyiapkan paspor dengan masa berlaku minimal enam bulan, visa umrah, serta dokumen kesehatan yang diperlukan. Sangat disarankan untuk berkonsultasi dengan biro perjalanan resmi guna memastikan seluruh persyaratan administrasi telah terpenuhi."""" } ```"|SUCCESS|32.08|data/evaluation_output/audio_results\2302_audio14.wav|||
2302_audio15.wav|audio15.txt|Tolong buat ceklis persiapan umroh termasuk barang wajib di bawah.|Tolong buat checklist persiapan umrah termasuk barang wajib dibawa|0.4444|0.1061|"```json {   """"perbaikan"""": """"Tolong buatkan daftar periksa persiapan umrah, termasuk barang-barang wajib yang harus dibawa."""",   """"tagging"""": """"[ID:Tolong buat ceklis persiapan umroh termasuk barang wajib di bawah.]"""",   """"respon"""": """"Daftar periksa utama meliputi paspor, visa, dokumen kesehatan, pakaian ihram, serta perlengkapan ibadah pribadi. Pastikan Anda juga membawa obat-obatan pribadi, pengisi daya ponsel, dan pakaian yang nyaman untuk cuaca di Arab Saudi."""" } ```"|SUCCESS|33.5|data/evaluation_output/audio_results\2302_audio15.wav|||
2302_audio17.wav|audio17.txt|Menurut kamu, belajar bahasa Arab itu susah nggak untuk pemula?|Menurut kamu belajar bahasa Arab itu susah gak untuk pemula|0.3|0.0678|"```json {   """"perbaikan"""": """"Menurut Anda, apakah belajar bahasa Arab sulit bagi pemula?"""",   """"tagging"""": """"[ID:Menurut kamu, belajar bahasa Arab itu susah nggak untuk pemula?]"""",   """"respon"""": """"Tingkat kesulitan belajar bahasa Arab sangat bergantung pada metode dan konsistensi belajar Anda. Bagi pemula, mempelajari alfabet dan kosakata dasar secara rutin akan sangat membantu proses pembelajaran."""" } ```"|SUCCESS|47.05|data/evaluation_output/audio_results\2302_audio17.wav|||
2303_audio01.wav|audio01.txt|aku mau book flight ke jeddah minggu depan bisa bantu schedule|Aku mau book flight ke Jeddah minggu depan, bisa bantu schedule?|0.1818|0.0312|"```json {   """"perbaikan"""": """"Saya ingin memesan tiket pesawat ke Jeddah minggu depan, bisakah Anda membantu mengatur jadwalnya?"""",   """"tagging"""": """"[ID:aku mau] [EN:book flight] [ID:ke jeddah minggu depan bisa bantu] [EN:schedule]"""",   """"respon"""": """"Anda dapat memeriksa jadwal penerbangan melalui situs resmi maskapai atau agen perjalanan untuk mendapatkan waktu keberangkatan yang diinginkan. Disarankan untuk segera melakukan pemesanan guna mendapatkan harga terbaik."""" } ```"|SUCCESS|47.12|data/evaluation_output/audio_results\2303_audio01.wav|||
2303_audio02.wav|audio02.txt|aku butuh travel umrah simple tapi include madinah visit|Aku butuh travel umrah simple tapi include Madinah visit|0.0|0.0|"```json {   """"perbaikan"""": """"Saya membutuhkan paket umrah praktis yang sudah mencakup kunjungan ke Madinah."""",   """"tagging"""": """"[ID:aku butuh travel umrah simple tapi include] [EN:madinah visit]"""",   """"respon"""": """"Anda dapat mencari paket umrah praktis yang sudah mencakup kunjungan ke Madinah melalui agen perjalanan resmi. Pastikan untuk meninjau rincian rencana perjalanan agar sesuai dengan kebutuhan Anda."""" } ```"|SUCCESS|30.49|data/evaluation_output/audio_results\2303_audio02.wav|||
2303_audio03.wav|audio03.txt|can you help me arrange transport dari jeddah ke madinah tomorrow|Can you help aku arrange transport dari Jeddah ke Madinah tomorrow|0.0909|0.0455|"```json {   """"perbaikan"""": """"Bisakah Anda membantu saya mengatur transportasi dari Jeddah ke Madinah besok?"""",   """"tagging"""": """"[EN:can you help me arrange transport] [ID:dari jeddah ke madinah] [EN:tomorrow]"""",   """"respon"""": """"Anda dapat memesan tiket kereta cepat atau layanan bus melalui aplikasi transportasi resmi untuk perjalanan besok. Segera lakukan pemesanan guna memastikan ketersediaan jadwal dan kursi."""" } ```"|SUCCESS|40.84|data/evaluation_output/audio_results\2303_audio03.wav|||
2303_audio04.wav|audio04.txt|Explain step by step cara apply visa Saudi dengan benar|Explain step by step cara apply visa Saudi dengan benar|0.0|0.0|"```json {   """"perbaikan"""": """"Jelaskan langkah demi langkah cara mengajukan visa Arab Saudi dengan benar."""",   """"tagging"""": """"[EN:Explain step by step] [ID:cara apply visa Saudi dengan benar]"""",   """"respon"""": """"Pertama, siapkan paspor yang masih berlaku minimal enam bulan dan dokumen pendukung lainnya. Selanjutnya, kunjungi situs resmi atau aplikasi Nusuk untuk mengisi formulir pengajuan visa serta melakukan pembayaran secara daring."""" } ```"|SUCCESS|32.7|data/evaluation_output/audio_results\2303_audio04.wav|||
2303_audio05.wav|audio05.txt|ya akhi uri dubuk fraik ila jaddah al usbu al qadim hal bisa bantu ajidah afdol skedol warih latan mubashirah|Ya akhi, uridu book flight ila Jeddah al-usbu'al qadim. Hal bisa bantu ajida afdhal schedule wa rihlatan mubashirah?|0.8333|0.2069|"```json {   """"perbaikan"""": """"Saudara, saya ingin memesan penerbangan ke Jeddah minggu depan, bisakah Anda membantu saya menemukan jadwal terbaik untuk penerbangan langsung?"""",   """"tagging"""": """"[AR:ya akhi] [AR:uri dubuk] [EN:fraik] [AR:ila jaddah] [AR:al usbu al qadim] [AR:hal] [ID:bisa bantu] [AR:ajidah afdol] [EN:skedol] [AR:warih latan mubashirah]"""",   """"respon"""": """"Anda dapat mencari jadwal penerbangan langsung ke Jeddah melalui situs resmi maskapai atau agen perjalanan. Segera lakukan pemesanan agar Anda mendapatkan waktu keberangkatan yang paling sesuai."""" } ```"|SUCCESS|54.71|data/evaluation_output/audio_results\2303_audio05.wav|||
2303_audio06.wav|audio06.txt|uridu orange transport min jeddah ilah madinah hadan|Urīdu arrange transport min Jeddah ilā Madinah ghadan|0.5|0.1132|"```json {   """"perbaikan"""": """"Saya ingin mengatur transportasi dari Jeddah ke Madinah besok."""",   """"tagging"""": """"[AR:uridu] [EN:orange] [EN:transport] [AR:min] [ID:jeddah] [AR:ilah] [ID:madinah] [AR:hadan]"""",   """"respon"""": """"Anda dapat memesan tiket kereta cepat atau layanan bus melalui aplikasi resmi untuk perjalanan besok. Segera lakukan pemesanan guna memastikan ketersediaan jadwal dan kursi."""" } ```"|SUCCESS|63.04|data/evaluation_output/audio_results\2303_audio06.wav|||
2303_audio07.wav|audio07.txt|book flight ke jeddah lalu lanjut ke madinah schedule terbaik kapan|Book flight ke Jeddah lalu lanjut ke Madinah, schedule terbaik kapan|0.0909|0.0147|"```json {   """"perbaikan"""": """"Bagaimana jadwal terbaik untuk memesan penerbangan ke Jeddah dan kemudian melanjutkan perjalanan ke Madinah?"""",   """"tagging"""": """"[EN:book flight] [ID:ke jeddah lalu lanjut ke madinah] [EN:schedule] [ID:terbaik kapan]"""",   """"respon"""": """"Jadwal terbaik sangat bergantung pada musim perjalanan dan ketersediaan tiket maskapai penerbangan. Anda disarankan untuk memeriksa situs resmi maskapai guna mendapatkan informasi waktu keberangkatan yang paling efisien."""" } ```"|SUCCESS|53.58|data/evaluation_output/audio_results\2303_audio07.wav|||
2303_audio13.wav|audio13.txt|Jelaskan step by step cara booking flight ke Jeddah secara online.|Jelaskan step by step cara booking flight ke Jeddah secara online|0.0909|0.0154|"```json {   """"perbaikan"""": """"Jelaskan langkah demi langkah cara memesan tiket pesawat ke Jeddah secara daring."""",   """"tagging"""": """"[ID:Jelaskan] [EN:step by step] [ID:cara] [EN:booking flight] [ID:ke Jeddah secara online.]"""",   """"respon"""": """"Pertama, kunjungi situs resmi maskapai atau agen perjalanan daring dan pilih jadwal penerbangan ke Jeddah. Selanjutnya, masukkan data penumpang secara lengkap dan selesaikan pembayaran Anda."""" } ```"|SUCCESS|64.06|data/evaluation_output/audio_results\2303_audio13.wav|||
2303_audio15.wav|audio15.txt|Tolong buat checklist persiapan umrah termasuk barang wajib dibawah|Tolong buat checklist persiapan umrah termasuk barang wajib dibawa|0.1111|0.0152|"```json {   """"perbaikan"""": """"Tolong buatkan daftar periksa persiapan umrah yang mencakup barang-barang wajib di bawah ini."""",   """"tagging"""": """"[ID:Tolong buat] [EN:checklist] [ID:persiapan umrah termasuk barang wajib dibawah]"""",   """"respon"""": """"Silakan berikan daftar barang yang Anda maksud agar saya dapat menyusunnya ke dalam daftar periksa yang rapi. Saya akan membantu mengorganisirnya berdasarkan kategori penting untuk perjalanan umrah Anda."""" } ```"|SUCCESS|43.2|data/evaluation_output/audio_results\2303_audio15.wav|||
2303_audio19.wav|audio19.txt|Ahyanan saya bingung mulai dari mana untuk Umrah|ahyanan saya bingung mulai dari mana untuk umrah|0.0|0.0|"```json {   """"perbaikan"""": """"Terkadang saya merasa bingung harus mulai dari mana untuk melaksanakan umrah."""",   """"tagging"""": """"[ID:Ahyanan saya bingung mulai dari mana untuk Umrah]"""",   """"respon"""": """"Anda dapat memulainya dengan menentukan anggaran serta waktu keberangkatan yang diinginkan. Setelah itu, pilihlah biro perjalanan umrah resmi yang menyediakan paket lengkap untuk memudahkan persiapan Anda."""" } ```"|SUCCESS|42.21|data/evaluation_output/audio_results\2303_audio19.wav|||
2304_audio01.wav|audio01.txt|Aku mau book flight ke jeda minggu depan. Bisa bantu schedule?|Aku mau book flight ke Jeddah minggu depan, bisa bantu schedule?|0.1818|0.0469|"```json {   """"perbaikan"""": """"Saya ingin memesan tiket pesawat ke Jeddah minggu depan, bisakah Anda membantu mengatur jadwalnya?"""",   """"tagging"""": """"[ID:Aku mau] [EN:book flight] [ID:ke Jeddah minggu depan. Bisa bantu] [EN:schedule?]"""",   """"respon"""": """"Anda dapat memeriksa jadwal penerbangan melalui situs resmi maskapai atau agen perjalanan daring untuk mendapatkan waktu yang sesuai. Segera lakukan pemesanan agar Anda mendapatkan ketersediaan kursi dan harga terbaik."""" } ```"|SUCCESS|53.46|data/evaluation_output/audio_results\2304_audio01.wav|||
2304_audio02.wav|audio02.txt|Aku butuh travel umroh simple tapi include Madinah visit.|Aku butuh travel umrah simple tapi include Madinah visit|0.2222|0.0357|"```json {   """"perbaikan"""": """"Saya membutuhkan paket perjalanan umrah yang praktis tetapi sudah termasuk kunjungan ke Madinah."""",   """"tagging"""": """"[ID:Aku butuh travel umroh simple tapi include Madinah visit.]"""",   """"respon"""": """"Anda dapat mencari paket umrah praktis yang sudah mencakup kunjungan ke Madinah melalui agen perjalanan resmi. Pastikan untuk meninjau rincian rencana perjalanan agar sesuai dengan kebutuhan Anda."""" } ```"|SUCCESS|43.89|data/evaluation_output/audio_results\2304_audio02.wav|||
2304_audio03.wav|audio03.txt|Can you help aku arrange transport dari Jeddah ke Madinah tomorrow?|Can you help aku arrange transport dari Jeddah ke Madinah tomorrow|0.0909|0.0152|"```json {   """"perbaikan"""": """"Bisakah Anda membantu saya mengatur transportasi dari Jeddah ke Madinah besok?"""",   """"tagging"""": """"[EN:Can you help] [ID:aku] [EN:arrange transport] [ID:dari Jeddah ke Madinah] [EN:tomorrow?]"""",   """"respon"""": """"Anda dapat memesan tiket kereta cepat atau layanan bus melalui aplikasi transportasi resmi untuk perjalanan besok. Segera lakukan pemesanan guna memastikan ketersediaan jadwal dan kursi."""" } ```"|SUCCESS|52.98|data/evaluation_output/audio_results\2304_audio03.wav|||
2304_audio04.wav|audio04.txt|Explain step by step cara apply visa Saudi dengan benar.|Explain step by step cara apply visa Saudi dengan benar|0.1|0.0182|"```json {   """"perbaikan"""": """"Jelaskan langkah demi langkah cara mengajukan visa Arab Saudi dengan benar."""",   """"tagging"""": """"[EN:Explain step by step] [ID:cara] [EN:apply] [ID:visa Saudi dengan benar.]"""",   """"respon"""": """"Pertama, kunjungi situs resmi atau aplikasi Nusuk untuk mengisi formulir pengajuan visa secara daring. Selanjutnya, unggah dokumen pendukung seperti paspor dan bukti kesehatan, lalu selesaikan pembayaran biaya visa yang ditentukan."""" } ```"|SUCCESS|44.05|data/evaluation_output/audio_results\2304_audio04.wav|||
2304_audio05.wav|audio05.txt|Ya akhi, uri dubuk flight ilajiddah al-usbu' al-qadim, hal bisa bantu ajidah afdal schedule warihlatanmu bashiroh?|Ya akhi, uridu book flight ila Jeddah al-usbu'al qadim. Hal bisa bantu ajida afdhal schedule wa rihlatan mubashirah?|0.6111|0.1293|"```json {   """"perbaikan"""": """"Saudara, saya ingin memesan penerbangan ke Jeddah minggu depan, bisakah Anda membantu saya menemukan jadwal terbaik untuk penerbangan langsung?"""",   """"tagging"""": """"[AR:Ya akhi], [AR:uri dubuk] [EN:flight] [AR:ilajiddah] [AR:al-usbu' al-qadim], [AR:hal] [ID:bisa bantu] [AR:ajidah afdal] [EN:schedule] [AR:warihlatanmu bashiroh]?"""",   """"respon"""": """"Anda dapat memeriksa jadwal penerbangan langsung ke Jeddah melalui situs resmi maskapai atau agen perjalanan. Segera lakukan pemesanan agar Anda mendapatkan waktu keberangkatan yang paling sesuai dengan rencana Anda."""" } ```"|SUCCESS|70.63|data/evaluation_output/audio_results\2304_audio05.wav|||
2304_audio06.wav|audio06.txt|Uridu Arrange Transport min Jeddah ila Madinah Khoden|Urīdu arrange transport min Jeddah ilā Madinah ghadan|0.375|0.0943|"```json {   """"perbaikan"""": """"Saya ingin mengatur transportasi dari Jeddah ke Madinah besok."""",   """"tagging"""": """"[AR:Uridu] [EN:Arrange Transport] [AR:min] [ID:Jeddah] [AR:ila] [ID:Madinah] [AR:Khoden]"""",   """"respon"""": """"Anda dapat menggunakan layanan kereta cepat atau bus untuk perjalanan dari Jeddah ke Madinah besok. Disarankan untuk melakukan pemesanan melalui aplikasi resmi guna memastikan ketersediaan jadwal."""" } ```"|SUCCESS|55.4|data/evaluation_output/audio_results\2304_audio06.wav|||
2304_audio07.wav|audio07.txt|Book flight ke Jeddah lanjut ke Madinah. Schedule terbaik kapan?|Book flight ke Jeddah lalu lanjut ke Madinah, schedule terbaik kapan|0.2727|0.1029|"```json {   """"perbaikan"""": """"Bagaimana cara memesan penerbangan ke Jeddah dan kemudian melanjutkan ke Madinah, serta kapan jadwal terbaiknya?"""",   """"tagging"""": """"[EN:Book flight] [ID:ke Jeddah lanjut ke Madinah.] [EN:Schedule] [ID:terbaik kapan?]"""",   """"respon"""": """"Jadwal terbaik sangat bergantung pada musim perjalanan dan ketersediaan tiket maskapai penerbangan. Anda disarankan untuk memeriksa situs resmi maskapai guna mendapatkan informasi waktu keberangkatan yang paling efisien."""" } ```"|SUCCESS|46.32|data/evaluation_output/audio_results\2304_audio07.wav|||
2304_audio11.wav|audio11.txt|Kenapa fasting di Ramadan itu wajib bagi Muslim?|kenapa fasting di ramadan itu wajib bagi muslim|0.125|0.0213|"```json {   """"perbaikan"""": """"Mengapa berpuasa di bulan Ramadan diwajibkan bagi umat Muslim?"""",   """"tagging"""": """"[ID:Kenapa fasting di Ramadan itu wajib bagi Muslim?]"""",   """"respon"""": """"Puasa Ramadan merupakan salah satu rukun Islam yang wajib dijalankan sebagai bentuk ketaatan kepada Allah SWT. Ibadah ini bertujuan untuk melatih kesabaran, pengendalian diri, serta meningkatkan ketakwaan."""" } ```"|SUCCESS|32.89|data/evaluation_output/audio_results\2304_audio11.wav|||
2304_audio15.wav|audio15.txt|Tolong buat checklist persiapan umroh termasuk barang wajib di bawah.|Tolong buat checklist persiapan umrah termasuk barang wajib dibawa|0.3333|0.0606|"```json {   """"perbaikan"""": """"Tolong buatkan daftar periksa persiapan umrah, termasuk barang-barang wajib yang harus dibawa."""",   """"tagging"""": """"[ID:Tolong buat checklist persiapan umroh termasuk barang wajib di bawah.]"""",   """"respon"""": """"Daftar periksa umrah meliputi dokumen penting seperti paspor dan visa, pakaian ihram, perlengkapan ibadah, serta obat-obatan pribadi. Pastikan Anda juga menyiapkan pakaian yang nyaman dan sesuai untuk digunakan selama di Arab Saudi."""" } ```"|SUCCESS|45.64|data/evaluation_output/audio_results\2304_audio15.wav|||
2304_audio18.wav|audio18.txt|"I feel overwhelmed dengan persiapan umroh. Ada tips sederhana?"|I feel overwhelmed dengan persiapan umrah, ada tips sederhana?|0.1111|0.0484|"```json {   """"perbaikan"""": """"Saya merasa kewalahan dengan persiapan umrah. Apakah ada tips sederhana?"""",   """"tagging"""": """"[EN:I feel overwhelmed] [ID:dengan persiapan umroh. Ada tips sederhana?]"""",   """"respon"""": """"Anda dapat mulai dengan membuat daftar periksa dokumen penting dan perlengkapan yang dibutuhkan secara bertahap. Selain itu, pastikan Anda menggunakan jasa biro perjalanan resmi agar proses persiapan menjadi lebih terorganisir."""" } ```"|SUCCESS|55.29|data/evaluation_output/audio_results\2304_audio18.wav|||
2305_audio01.wav|audio01.txt|aku mau book flight ke jedah minggu depan bisa bantu schedule|Aku mau book flight ke Jeddah minggu depan, bisa bantu schedule?|0.2727|0.0469|"```json {   """"perbaikan"""": """"Saya ingin memesan tiket pesawat ke Jeddah minggu depan, bisakah Anda membantu mengatur jadwalnya?"""",   """"tagging"""": """"[ID:aku mau] [EN:book flight] [ID:ke jedah minggu depan bisa bantu] [EN:schedule]"""",   """"respon"""": """"Anda dapat memeriksa jadwal penerbangan melalui situs resmi maskapai atau agen perjalanan daring untuk mendapatkan waktu keberangkatan yang diinginkan. Segera lakukan pemesanan guna mendapatkan harga dan ketersediaan kursi terbaik."""" } ```"|SUCCESS|53.88|data/evaluation_output/audio_results\2305_audio01.wav|||
2305_audio02.wav|audio02.txt|Aku butuh travel umrah simple tapi include Madinah visit|Aku butuh travel umrah simple tapi include Madinah visit|0.0|0.0|"```json {   """"perbaikan"""": """"Saya membutuhkan paket perjalanan umrah yang praktis tetapi sudah termasuk kunjungan ke Madinah."""",   """"tagging"""": """"[ID:Aku butuh travel umrah simple tapi include Madinah visit]"""",   """"respon"""": """"Anda dapat mencari paket umrah praktis yang sudah mencakup kunjungan ke Madinah melalui agen perjalanan resmi. Pastikan untuk meninjau rincian rencana perjalanan agar sesuai dengan kebutuhan Anda."""" } ```"|SUCCESS|35.84|data/evaluation_output/audio_results\2305_audio02.wav|||
2305_audio03.wav|audio03.txt|can you help aku arrange transport dari jeddah ke madinah to morrow|Can you help aku arrange transport dari Jeddah ke Madinah tomorrow|0.1818|0.0152|"```json {   """"perbaikan"""": """"Bisakah Anda membantu saya mengatur transportasi dari Jeddah ke Madinah besok?"""",   """"tagging"""": """"[EN:can you help] [ID:aku] [EN:arrange transport] [ID:dari jeddah ke madinah] [EN:to morrow]"""",   """"respon"""": """"Anda dapat memesan tiket kereta cepat atau layanan bus melalui aplikasi resmi untuk perjalanan besok. Segera lakukan pemesanan guna memastikan ketersediaan jadwal dan kursi."""" } ```"|SUCCESS|42.65|data/evaluation_output/audio_results\2305_audio03.wav|||
2305_audio04.wav|audio04.txt|Explain step by step cara apply visa Saudi dengan benar|Explain step by step cara apply visa Saudi dengan benar|0.0|0.0|"```json {   """"perbaikan"""": """"Jelaskan langkah demi langkah cara mengajukan visa Arab Saudi dengan benar."""",   """"tagging"""": """"[EN:Explain step by step] [ID:cara] [EN:apply] [ID:visa Saudi dengan benar]"""",   """"respon"""": """"Pertama, kunjungi situs resmi atau aplikasi Nusuk untuk mengisi formulir pengajuan visa secara daring. Selanjutnya, unggah dokumen pendukung seperti paspor dan bukti kesehatan, lalu selesaikan pembayaran biaya visa yang ditentukan."""" } ```"|SUCCESS|33.77|data/evaluation_output/audio_results\2305_audio04.wav|||
2305_audio05.wav|audio05.txt|ya akhi uridu book flight ila jeddah al usbu al qadim hal bisa bantu ajidah aftol skejul warih latan mubashirah|Ya akhi, uridu book flight ila Jeddah al-usbu'al qadim. Hal bisa bantu ajida afdhal schedule wa rihlatan mubashirah?|0.6111|0.1293|"```json {   """"perbaikan"""": """"Saudara, saya ingin memesan penerbangan ke Jeddah minggu depan, bisakah Anda membantu saya menemukan jadwal terbaik untuk perjalanan langsung?"""",   """"tagging"""": """"[AR:ya akhi] [AR:uridu] [EN:book flight] [AR:ila] [ID:jeddah] [AR:al usbu al qadim] [AR:hal] [ID:bisa bantu] [AR:ajidah aftol] [EN:skejul] [AR:warih latan mubashirah]"""",   """"respon"""": """"Anda dapat memeriksa jadwal penerbangan langsung ke Jeddah melalui situs resmi maskapai atau agen perjalanan daring. Segera lakukan pemesanan agar Anda mendapatkan jadwal yang paling sesuai dengan rencana Anda."""" } ```"|SUCCESS|52.97|data/evaluation_output/audio_results\2305_audio05.wav|||
2305_audio06.wav|audio06.txt|uridu arrange transport min jeddah ila madinah wadan|Urīdu arrange transport min Jeddah ilā Madinah ghadan|0.375|0.0755|"```json {   """"perbaikan"""": """"Saya ingin mengatur transportasi dari Jeddah ke Madinah besok."""",   """"tagging"""": """"[AR:uridu] [EN:arrange transport] [AR:min] [ID:jeddah] [AR:ila] [ID:madinah] [AR:wadan]"""",   """"respon"""": """"Anda dapat menggunakan layanan kereta cepat atau bus untuk perjalanan dari Jeddah ke Madinah besok. Disarankan untuk segera melakukan pemesanan melalui aplikasi resmi guna memastikan ketersediaan jadwal."""" } ```"|SUCCESS|41.12|data/evaluation_output/audio_results\2305_audio06.wav|||
2305_audio11.wav|audio11.txt|Kenapa fasting di Ramadan itu wajib bagi muslim?|kenapa fasting di ramadan itu wajib bagi muslim|0.125|0.0213|"```json {   """"perbaikan"""": """"Mengapa berpuasa pada bulan Ramadan itu wajib bagi umat Muslim?"""",   """"tagging"""": """"[ID:Kenapa fasting di Ramadan itu wajib bagi muslim?]"""",   """"respon"""": """"Berpuasa di bulan Ramadan adalah salah satu dari rukun Islam yang wajib dijalankan sebagai bentuk ketaatan kepada perintah Allah SWT. Ibadah ini bertujuan untuk meningkatkan ketakwaan, melatih kesabaran, dan menumbuhkan rasa empati terhadap sesama."""" } ```"|SUCCESS|32.93|data/evaluation_output/audio_results\2305_audio11.wav|||
2305_audio12.wav|audio12.txt|Bagaimana proses visa Saudi untuk umrah dari Indonesia sekarang?|Bagaimana proses visa Saudi untuk umrah dari Indonesia sekarang|0.1111|0.0159|"```json {   """"perbaikan"""": """"Bagaimana proses visa Arab Saudi untuk umrah dari Indonesia saat ini?"""",   """"tagging"""": """"[ID:Bagaimana proses visa Saudi untuk umrah dari Indonesia sekarang?]"""",   """"respon"""": """"Proses visa umrah saat ini dapat dilakukan secara daring melalui platform resmi seperti Nusuk atau melalui biro perjalanan umrah yang terdaftar. Anda perlu menyiapkan paspor, bukti vaksinasi, serta dokumen pendukung lainnya sesuai ketentuan terbaru."""" } ```"|SUCCESS|33.66|data/evaluation_output/audio_results\2305_audio12.wav|||
2305_audio14.wav|audio14.txt|How to prepare dokumen umrah dari Indonesia dengan benar|How to prepare dokumen umrah dari Indonesia dengan benar|0.0|0.0|"```json {   """"perbaikan"""": """"Bagaimana cara menyiapkan dokumen umrah dari Indonesia dengan benar?"""",   """"tagging"""": """"[EN:How to prepare] [ID:dokumen umrah dari Indonesia dengan benar]"""",   """"respon"""": """"Anda perlu menyiapkan paspor dengan masa berlaku minimal enam bulan, visa umrah, serta dokumen kesehatan yang diperlukan. Disarankan untuk berkonsultasi dengan biro perjalanan resmi guna memastikan seluruh persyaratan administrasi telah terpenuhi."""" } ```"|SUCCESS|33.43|data/evaluation_output/audio_results\2305_audio14.wav|||
2305_audio18.wav|audio18.txt|I feel overwhelmed dengan persiapan umrah ada tips sederhana|I feel overwhelmed dengan persiapan umrah, ada tips sederhana?|0.2222|0.0323|"```json {   """"perbaikan"""": """"Saya merasa kewalahan dengan persiapan umrah, apakah ada tips sederhana?"""",   """"tagging"""": """"[EN:I feel overwhelmed] [ID:dengan persiapan umrah ada tips sederhana]"""",   """"respon"""": """"Anda dapat mulai dengan membuat daftar periksa dokumen dan perlengkapan secara bertahap. Selain itu, menggunakan jasa biro perjalanan resmi dapat membantu membuat persiapan Anda lebih terorganisir."""" } ```"|SUCCESS|42.63|data/evaluation_output/audio_results\2305_audio18.wav|||
2306_Audio01.wav|Audio01.txt|Aku mau book flight ke Jeddah minggu depan, bisa bantu schedule?|Aku mau book flight ke Jeddah minggu depan, bisa bantu schedule?|0.0|0.0|"```json {   """"perbaikan"""": """"Saya ingin memesan tiket pesawat ke Jeddah minggu depan, bisakah Anda membantu mengatur jadwalnya?"""",   """"tagging"""": """"[ID:Aku mau] [EN:book flight] [ID:ke Jeddah minggu depan, bisa bantu] [EN:schedule?]"""",   """"respon"""": """"Anda dapat memeriksa jadwal penerbangan melalui situs resmi maskapai atau agen perjalanan daring. Segera lakukan pemesanan untuk mendapatkan waktu dan harga yang paling sesuai."""" } ```"|SUCCESS|42.58|data/evaluation_output/audio_results\2306_Audio01.wav|||
2306_Audio02.wav|Audio02.txt|Aku butuh travel umur simple tapi include Madinah visit.|Aku butuh travel umrah simple tapi include Madinah visit|0.2222|0.0714|"```json {   """"perbaikan"""": """"Saya membutuhkan paket perjalanan umrah yang praktis namun sudah termasuk kunjungan ke Madinah."""",   """"tagging"""": """"[ID:Aku butuh travel umur simple tapi include] [ID:Madinah] [EN:visit.]"""",   """"respon"""": """"Anda dapat mencari paket umrah praktis yang sudah mencakup kunjungan ke Madinah melalui agen perjalanan resmi. Pastikan untuk meninjau kembali rincian paket tersebut agar sesuai dengan kebutuhan Anda."""" } ```"|SUCCESS|32.27|data/evaluation_output/audio_results\2306_Audio02.wav|||
2306_Audio03.wav|Audio03.txt|Can you help? Aku alritch transport dari Jabodah ke Madinah tomorrow.|Can you help aku arrange transport dari Jeddah ke Madinah tomorrow|0.3636|0.1515|"```json {   """"perbaikan"""": """"Bisakah Anda membantu saya mengatur transportasi dari Jeddah ke Madinah besok?"""",   """"tagging"""": """"[EN:Can you help?] [ID:Aku] [EN:alritch transport] [ID:dari Jabodah ke Madinah] [EN:tomorrow.]"""",   """"respon"""": """"Anda dapat memesan tiket kereta cepat atau bus melalui aplikasi resmi untuk perjalanan besok. Disarankan untuk segera melakukan pemesanan guna memastikan ketersediaan jadwal dan kursi."""" } ```"|SUCCESS|44.52|data/evaluation_output/audio_results\2306_Audio03.wav|||
2306_Audio04.wav|Audio04.txt|Explain step by step cara apply visa Saudi dengan benar|Explain step by step cara apply visa Saudi dengan benar|0.0|0.0|"```json {   """"perbaikan"""": """"Jelaskan langkah demi langkah cara mengajukan visa Arab Saudi dengan benar."""",   """"tagging"""": """"[EN:Explain step by step] [ID:cara] [EN:apply] [ID:visa Saudi dengan benar]"""",   """"respon"""": """"Pertama, kunjungi situs resmi atau aplikasi Nusuk untuk mengisi formulir pengajuan visa secara daring. Selanjutnya, unggah dokumen pendukung seperti paspor, selesaikan pembayaran, dan tunggu proses verifikasi selesai."""" } ```"|SUCCESS|32.69|data/evaluation_output/audio_results\2306_Audio04.wav|||
2306_Audio05.wav|Audio05.txt|Ya akhi, uridu, buku laik ila jidda, al-usbu al-qadim, hal bisibantu ajidda afdal skicul wari latat mubasyurah.|Ya akhi, uridu book flight ila Jeddah al-usbu'al qadim. Hal bisa bantu ajida afdhal schedule wa rihlatan mubashirah?|0.7778|0.25|"```json {   """"perbaikan"""": """"Saudara, saya ingin memesan penerbangan ke Jeddah minggu depan. Bisakah Anda membantu saya menemukan jadwal terbaik untuk penerbangan langsung?"""",   """"tagging"""": """"[AR:Ya akhi], [AR:uridu], [EN:buku laik] [AR:ila jidda], [AR:al-usbu al-qadim], [AR:hal bisibantu] [AR:ajidda afdal] [EN:skicul] [AR:wari latat mubasyurah]"""",   """"respon"""": """"Anda dapat memeriksa jadwal penerbangan langsung ke Jeddah melalui situs resmi maskapai atau agen perjalanan daring. Disarankan untuk segera melakukan pemesanan guna mendapatkan jadwal terbaik yang sesuai dengan rencana Anda."""" } ```"|SUCCESS|37.27|data/evaluation_output/audio_results\2306_Audio05.wav|||
2306_Audio06.wav|Audio06.txt|Uridu Restoransport Menjidah ila Madinah Gaden|Urīdu arrange transport min Jeddah ilā Madinah ghadan|0.875|0.283|"```json {   """"perbaikan"""": """"Saya ingin mengatur transportasi dari Jeddah ke Madinah besok."""",   """"tagging"""": """"[AR:Uridu] [EN:Restoransport] [ID:Menjidah] [AR:ila] [ID:Madinah] [AR:Gaden]"""",   """"respon"""": """"Anda dapat memesan tiket kereta cepat atau layanan bus melalui aplikasi resmi untuk perjalanan besok. Segera lakukan pemesanan guna memastikan ketersediaan jadwal dan kursi."""" } ```"|SUCCESS|33.1|data/evaluation_output/audio_results\2306_Audio06.wav|||
2306_Audio11.wav|Audio11.txt|Kenapa fasting di Ramadan itu wajib bagi muslim?|kenapa fasting di ramadan itu wajib bagi muslim|0.125|0.0213|"```json {   """"perbaikan"""": """"Mengapa berpuasa di bulan Ramadan itu wajib bagi umat Muslim?"""",   """"tagging"""": """"[ID:Kenapa fasting di Ramadan itu wajib bagi muslim?]"""",   """"respon"""": """"Puasa di bulan Ramadan merupakan salah satu rukun Islam yang wajib dijalankan oleh setiap Muslim yang memenuhi syarat. Hal ini dilakukan sebagai bentuk ketaatan kepada perintah Allah SWT dan untuk meningkatkan ketakwaan."""" } ```"|SUCCESS|33.05|data/evaluation_output/audio_results\2306_Audio11.wav|||
2306_Audio12.wav|Audio12.txt|Bagaimana proses visa Saudi untuk umrah dari Indonesia sekarang?|Bagaimana proses visa Saudi untuk umrah dari Indonesia sekarang|0.1111|0.0159|"```json {   """"perbaikan"""": """"Bagaimana proses visa Arab Saudi untuk umrah dari Indonesia saat ini?"""",   """"tagging"""": """"[ID:Bagaimana proses visa Saudi untuk umrah dari Indonesia sekarang?]"""",   """"respon"""": """"Saat ini, Anda dapat mengajukan visa umrah melalui biro perjalanan resmi atau menggunakan visa turis secara daring melalui platform resmi Arab Saudi. Pastikan paspor Anda memiliki masa berlaku minimal enam bulan dan lengkapi semua dokumen kesehatan yang diminta."""" } ```"|SUCCESS|33.41|data/evaluation_output/audio_results\2306_Audio12.wav|||
2306_Audio13.wav|Audio13.txt|Jelaskan step by step cara booking flight ke jadah secara online.|Jelaskan step by step cara booking flight ke Jeddah secara online|0.1818|0.0462|"```json {   """"perbaikan"""": """"Jelaskan langkah demi langkah cara memesan tiket pesawat ke Jeddah secara daring."""",   """"tagging"""": """"[ID:Jelaskan] [EN:step by step] [ID:cara] [EN:booking flight] [ID:ke jadah secara online.]"""",   """"respon"""": """"Pertama, kunjungi situs resmi maskapai atau agen perjalanan daring dan pilih jadwal penerbangan ke Jeddah. Selanjutnya, masukkan data penumpang dengan lengkap dan selesaikan pembayaran Anda."""" } ```"|SUCCESS|33.19|data/evaluation_output/audio_results\2306_Audio13.wav|||
2306_Audio14.wav|Audio14.txt|How to prepare dokumen umroh dari Indonesia dengan benar?|How to prepare dokumen umrah dari Indonesia dengan benar|0.2222|0.0357|"```json {   """"perbaikan"""": """"Bagaimana cara menyiapkan dokumen umrah dari Indonesia dengan benar?"""",   """"tagging"""": """"[EN:How to prepare] [ID:dokumen umroh dari Indonesia dengan benar?]"""",   """"respon"""": """"Anda perlu menyiapkan paspor dengan masa berlaku minimal enam bulan, visa umrah, serta dokumen kesehatan yang diperlukan. Disarankan untuk berkonsultasi dengan biro perjalanan resmi agar seluruh administrasi Anda terpenuhi dengan benar."""" } ```"|SUCCESS|32.87|data/evaluation_output/audio_results\2306_Audio14.wav|||
2306_Audio15.wav|Audio15.txt|Tolong buat checklist persiapan umrah termasuk barang wajib dibawa.|Tolong buat checklist persiapan umrah termasuk barang wajib dibawa|0.1111|0.0152|"```json {   """"perbaikan"""": """"Tolong buatkan daftar periksa persiapan umrah, termasuk barang-barang wajib yang harus dibawa."""",   """"tagging"""": """"[ID:Tolong buat checklist persiapan umrah termasuk barang wajib dibawa.]"""",   """"respon"""": """"Daftar periksa Anda harus mencakup paspor, visa, dokumen vaksinasi, serta pakaian ihram. Selain itu, jangan lupa menyiapkan obat-obatan pribadi, perlengkapan mandi, dan alat ibadah yang diperlukan."""" } ```"|SUCCESS|34.73|data/evaluation_output/audio_results\2306_Audio15.wav|||
2307_audio01.wav|audio01.txt|aku mau book flight ke judah minggu depan bisa bantu schedule|Aku mau book flight ke Jeddah minggu depan, bisa bantu schedule?|0.2727|0.0625|"```json {   """"perbaikan"""": """"Saya ingin memesan tiket pesawat ke Jeddah minggu depan, bisakah Anda membantu mengatur jadwalnya?"""",   """"tagging"""": """"[ID:aku mau] [EN:book flight] [ID:ke judah minggu depan bisa bantu] [EN:schedule]"""",   """"respon"""": """"Anda dapat memeriksa jadwal penerbangan melalui situs resmi maskapai atau agen perjalanan daring. Segera lakukan pemesanan guna mendapatkan harga dan ketersediaan kursi terbaik."""" } ```"|SUCCESS|42.21|data/evaluation_output/audio_results\2307_audio01.wav|||
2307_audio02.wav|audio02.txt|aku butuh travel omrah simple tapi include Madinah visit|Aku butuh travel umrah simple tapi include Madinah visit|0.1111|0.0179|"```json {   """"perbaikan"""": """"Saya membutuhkan paket perjalanan umrah yang praktis tetapi sudah termasuk kunjungan ke Madinah."""",   """"tagging"""": """"[ID:aku butuh travel omrah simple tapi include Madinah visit]"""",   """"respon"""": """"Anda dapat mencari paket umrah praktis yang sudah mencakup kunjungan ke Madinah melalui biro perjalanan resmi. Pastikan Anda memeriksa rincian rencana perjalanan agar sesuai dengan kebutuhan Anda."""" } ```"|SUCCESS|32.54|data/evaluation_output/audio_results\2307_audio02.wav|||
2307_audio03.wav|audio03.txt|Can you help aku arrange transport dari Jeddah ke Madinah tomorrow?|Can you help aku arrange transport dari Jeddah ke Madinah tomorrow|0.0909|0.0152|"```json {   """"perbaikan"""": """"Bisakah Anda membantu saya mengatur transportasi dari Jeddah ke Madinah besok?"""",   """"tagging"""": """"[EN:Can you help] [ID:aku] [EN:arrange transport] [ID:dari Jeddah ke Madinah] [EN:tomorrow?]"""",   """"respon"""": """"Anda dapat memesan tiket kereta cepat atau layanan bus melalui aplikasi resmi untuk perjalanan besok. Segera lakukan pemesanan guna memastikan ketersediaan jadwal dan kursi."""" } ```"|SUCCESS|40.39|data/evaluation_output/audio_results\2307_audio03.wav|||
2307_audio04.wav|audio04.txt|Explain step by step cara apply visa Saudi dengan benar.|Explain step by step cara apply visa Saudi dengan benar|0.1|0.0182|"```json {   """"perbaikan"""": """"Jelaskan langkah demi langkah cara mengajukan visa Arab Saudi dengan benar."""",   """"tagging"""": """"[EN:Explain step by step] [ID:cara] [EN:apply] [ID:visa Saudi dengan benar.]"""",   """"respon"""": """"Langkah pertama adalah menyiapkan paspor dan foto terbaru, kemudian mengisi formulir pengajuan secara daring melalui situs resmi atau aplikasi yang ditunjuk. Setelah itu, Anda perlu mengunggah dokumen pendukung dan melakukan pembayaran biaya visa sesuai instruksi."""" } ```"|SUCCESS|32.83|data/evaluation_output/audio_results\2307_audio04.wav|||
2307_audio05.wav|audio05.txt|"Ya aki, uridu buk flight ila jeddah al-usbu al-qadim. Hal bisa bantu, ajid afdal, skajul warih watan, mubasyir watan."|Ya akhi, uridu book flight ila Jeddah al-usbu'al qadim. Hal bisa bantu ajida afdhal schedule wa rihlatan mubashirah?|0.6667|0.2241|"```json {   """"perbaikan"""": """"Saudara, saya ingin memesan penerbangan ke Jeddah minggu depan. Bisakah Anda membantu saya menemukan jadwal terbaik untuk penerbangan langsung?"""",   """"tagging"""": """"[AR:Ya aki], [AR:uridu] [EN:buk flight] [AR:ila jeddah] [AR:al-usbu al-qadim]. [AR:Hal] [ID:bisa bantu], [AR:ajid afdal], [EN:skajul] [AR:warih watan], [AR:mubasyir watan]."""",   """"respon"""": """"Anda dapat memeriksa jadwal penerbangan langsung ke Jeddah melalui situs resmi maskapai atau agen perjalanan daring. Segera lakukan pemesanan agar Anda mendapatkan jadwal yang paling sesuai dengan rencana Anda."""" } ```"|SUCCESS|63.28|data/evaluation_output/audio_results\2307_audio05.wav|||
2307_audio06.wav|audio06.txt|uridu arrange transport min jeddah ila madinah ghadan|Urīdu arrange transport min Jeddah ilā Madinah ghadan|0.25|0.0377|"```json {   """"perbaikan"""": """"Saya ingin mengatur transportasi dari Jeddah ke Madinah besok."""",   """"tagging"""": """"[AR:uridu] [EN:arrange transport] [AR:min] [ID:jeddah] [AR:ila] [ID:madinah] [AR:ghadan]"""",   """"respon"""": """"Anda dapat memesan tiket kereta cepat atau bus melalui aplikasi resmi untuk perjalanan besok. Segera lakukan pemesanan guna memastikan ketersediaan jadwal dan kursi."""" } ```"|SUCCESS|43.67|data/evaluation_output/audio_results\2307_audio06.wav|||
2307_audio07.wav|audio07.txt|Book flight ke Jeddah, lalu lanjut ke Madinah, schedule terbaik, kapan?|Book flight ke Jeddah lalu lanjut ke Madinah, schedule terbaik kapan|0.2727|0.0441|"```json {   """"perbaikan"""": """"Bagaimana jadwal terbaik untuk memesan penerbangan ke Jeddah dan kemudian melanjutkan perjalanan ke Madinah?"""",   """"tagging"""": """"[EN:Book flight] [ID:ke Jeddah, lalu lanjut ke Madinah,] [EN:schedule] [ID:terbaik, kapan?]"""",   """"respon"""": """"Jadwal terbaik sangat bergantung pada musim perjalanan dan ketersediaan tiket maskapai penerbangan. Anda disarankan untuk memeriksa situs resmi maskapai guna mendapatkan informasi waktu keberangkatan yang paling efisien."""" } ```"|SUCCESS|43.28|data/evaluation_output/audio_results\2307_audio07.wav|||
2307_audio10.wav|audio10.txt|Apa perbedaan umrah dan haji secara detail dalam Islam?|Apa perbedaan umrah dan hajj secara detail dalam Islam|0.2222|0.037|"```json {   """"perbaikan"""": """"Apa perbedaan antara umrah dan haji secara mendetail dalam ajaran Islam?"""",   """"tagging"""": """"[ID:Apa perbedaan umrah dan haji secara detail dalam Islam?]"""",   """"respon"""": """"Perbedaan utama terletak pada waktu pelaksanaan, di mana haji hanya dilakukan pada bulan Dzulhijjah, sedangkan umrah dapat dilakukan kapan saja. Selain itu, haji memiliki rangkaian rukun yang lebih lengkap seperti wukuf di Arafah, mabit di Muzdalifah, dan melontar jumrah."""" } ```"|SUCCESS|32.3|data/evaluation_output/audio_results\2307_audio10.wav|||
2307_audio15.wav|audio15.txt|Tolong buat ceklis persiapan umroh termasuk barang wajib di bawah.|Tolong buat checklist persiapan umrah termasuk barang wajib dibawa|0.4444|0.1061|"```json {   """"perbaikan"""": """"Tolong buatkan daftar periksa persiapan umrah, termasuk barang-barang wajib di bawah ini."""",   """"tagging"""": """"[ID:Tolong buat ceklis persiapan umroh termasuk barang wajib di bawah.]"""",   """"respon"""": """"Anda perlu menyiapkan dokumen penting seperti paspor, visa, dan buku panduan ibadah. Selain itu, pastikan perlengkapan pribadi seperti pakaian ihram, obat-obatan, dan kebutuhan mandi sudah lengkap dalam daftar Anda."""" } ```"|SUCCESS|33.6|data/evaluation_output/audio_results\2307_audio15.wav|||
2307_audio17.wav|audio17.txt|Menurut kamu belajar bahasa Arab itu susah nggak untuk pemula?|Menurut kamu belajar bahasa Arab itu susah gak untuk pemula|0.2|0.0508|"```json {   """"perbaikan"""": """"Menurut Anda, apakah belajar bahasa Arab itu sulit bagi pemula?"""",   """"tagging"""": """"[ID:Menurut kamu belajar bahasa Arab itu susah nggak untuk pemula?]"""",   """"respon"""": """"Tingkat kesulitan belajar bahasa Arab sangat bergantung pada metode dan konsistensi belajar Anda. Bagi pemula, mempelajari kosakata dasar dan tata bahasa secara rutin akan sangat membantu proses pembelajaran."""" } ```"|SUCCESS|43.77|data/evaluation_output/audio_results\2307_audio17.wav|||
2308_audio01.wav|audio01.txt|Aku mau book flight ke jedah minggu depan. Bisa bantu schedule?|Aku mau book flight ke Jeddah minggu depan, bisa bantu schedule?|0.1818|0.0312|"```json {   """"perbaikan"""": """"Saya ingin memesan tiket pesawat ke Jeddah minggu depan, bisakah Anda membantu mengatur jadwalnya?"""",   """"tagging"""": """"[ID:Aku mau] [EN:book flight] [ID:ke jedah minggu depan. Bisa bantu] [EN:schedule?]"""",   """"respon"""": """"Anda dapat memeriksa jadwal penerbangan melalui situs resmi maskapai atau agen perjalanan daring. Segera lakukan pemesanan untuk mendapatkan waktu keberangkatan dan harga yang paling sesuai."""" } ```"|SUCCESS|47.76|data/evaluation_output/audio_results\2308_audio01.wav|||
2308_audio02.wav|audio02.txt|Aku butuh travel umroh simple tapi input Madinah visit.|Aku butuh travel umrah simple tapi include Madinah visit|0.3333|0.1071|"```json {   """"perbaikan"""": """"Saya membutuhkan paket perjalanan umrah yang praktis namun sudah termasuk kunjungan ke Madinah."""",   """"tagging"""": """"[ID:Aku butuh travel umroh simple tapi] [EN:input] [ID:Madinah visit.]"""",   """"respon"""": """"Anda dapat mencari paket umrah praktis yang mencakup kunjungan ke Madinah melalui agen perjalanan resmi. Pastikan untuk memeriksa rincian jadwal perjalanan agar sesuai dengan keinginan Anda."""" } ```"|SUCCESS|33.04|data/evaluation_output/audio_results\2308_audio02.wav|||
2308_audio03.wav|audio03.txt|Can you help aku arrange transport dari Jeddah ke Madinah tomorrow?|Can you help aku arrange transport dari Jeddah ke Madinah tomorrow|0.0909|0.0152|"```json {   """"perbaikan"""": """"Bisakah Anda membantu saya mengatur transportasi dari Jeddah ke Madinah besok?"""",   """"tagging"""": """"[EN:Can you help] [ID:aku] [EN:arrange transport] [ID:dari Jeddah ke Madinah] [EN:tomorrow?]"""",   """"respon"""": """"Anda dapat memesan tiket kereta cepat atau bus melalui aplikasi resmi untuk perjalanan besok. Segera lakukan pemesanan guna memastikan ketersediaan jadwal dan kursi."""" } ```"|SUCCESS|43.66|data/evaluation_output/audio_results\2308_audio03.wav|||
2308_audio04.wav|audio04.txt|Explain step by step cara apply visa Saudi dengan benar|Explain step by step cara apply visa Saudi dengan benar|0.0|0.0|"```json {   """"perbaikan"""": """"Jelaskan langkah demi langkah cara mengajukan visa Arab Saudi dengan benar."""",   """"tagging"""": """"[EN:Explain step by step] [ID:cara] [EN:apply] [ID:visa Saudi dengan benar]"""",   """"respon"""": """"Pertama, akses situs resmi atau aplikasi Nusuk untuk memulai pengajuan secara daring. Selanjutnya, lengkapi data diri, unggah dokumen yang diperlukan, dan selesaikan pembayaran biaya visa melalui metode yang tersedia."""" } ```"|SUCCESS|31.93|data/evaluation_output/audio_results\2308_audio04.wav|||
2308_audio05.wav|audio05.txt|Ya akhi, uridu bukflaik ila jedah al-usbu' al-qadim, hal bisa bantu ajidah afdol skejul warihlatan mubashiroh?|Ya akhi, uridu book flight ila Jeddah al-usbu'al qadim. Hal bisa bantu ajida afdhal schedule wa rihlatan mubashirah?|0.6111|0.1724|"```json {   """"perbaikan"""": """"Saudara, saya ingin memesan penerbangan ke Jeddah minggu depan. Bisakah Anda membantu saya menemukan jadwal terbaik untuk penerbangan langsung?"""",   """"tagging"""": """"[AR:Ya akhi], [AR:uridu] [EN:bukflaik] [AR:ila] [ID:jedah] [AR:al-usbu' al-qadim], [AR:hal] [ID:bisa bantu] [AR:ajidah afdol] [EN:skejul] [AR:warihlatan mubashiroh]?"""",   """"respon"""": """"Anda dapat memeriksa jadwal penerbangan langsung ke Jeddah melalui situs resmi maskapai atau agen perjalanan daring. Disarankan untuk segera melakukan pemesanan agar Anda mendapatkan waktu keberangkatan yang paling sesuai."""" } ```"|SUCCESS|51.23|data/evaluation_output/audio_results\2308_audio05.wav|||
2308_audio06.wav|audio06.txt|Uridu arrange transport min jedah ila Madinah Wadan|Urīdu arrange transport min Jeddah ilā Madinah ghadan|0.5|0.0943|"```json {   """"perbaikan"""": """"Saya ingin mengatur transportasi dari Jeddah ke Madinah besok."""",   """"tagging"""": """"[AR:Uridu] [EN:arrange transport] [AR:min] [ID:jedah] [AR:ila] [ID:Madinah] [AR:Wadan]"""",   """"respon"""": """"Anda dapat menggunakan layanan kereta cepat atau bus untuk perjalanan dari Jeddah ke Madinah besok. Disarankan untuk melakukan pemesanan melalui aplikasi resmi guna memastikan ketersediaan jadwal."""" } ```"|SUCCESS|32.22|data/evaluation_output/audio_results\2308_audio06.wav|||
2308_audio12.wav|audio12.txt|Bagaimana proses visa Saudi untuk umroh dari Indonesia sekarang?|Bagaimana proses visa Saudi untuk umrah dari Indonesia sekarang|0.2222|0.0317|"```json {   """"perbaikan"""": """"Bagaimana proses pengajuan visa Arab Saudi untuk umrah dari Indonesia saat ini?"""",   """"tagging"""": """"[ID:Bagaimana proses visa Saudi untuk umroh dari Indonesia sekarang?]"""",   """"respon"""": """"Proses pengajuan visa umrah saat ini dapat dilakukan melalui agen perjalanan resmi atau secara mandiri melalui platform daring seperti Nusuk. Pastikan paspor Anda memiliki masa berlaku minimal enam bulan dan siapkan dokumen pendukung lainnya sesuai ketentuan terbaru."""" } ```"|SUCCESS|33.09|data/evaluation_output/audio_results\2308_audio12.wav|||
2308_audio13.wav|audio13.txt|Jelaskan step by step cara booking flight ke Jeddah secara online.|Jelaskan step by step cara booking flight ke Jeddah secara online|0.0909|0.0154|"```json {   """"perbaikan"""": """"Jelaskan langkah demi langkah cara memesan tiket pesawat ke Jeddah secara daring."""",   """"tagging"""": """"[ID:Jelaskan] [EN:step by step] [ID:cara] [EN:booking flight] [ID:ke Jeddah secara online.]"""",   """"respon"""": """"Pertama, kunjungi situs resmi maskapai atau agen perjalanan daring dan pilih jadwal penerbangan ke Jeddah. Selanjutnya, masukkan data penumpang secara lengkap dan selesaikan pembayaran Anda."""" } ```"|SUCCESS|33.5|data/evaluation_output/audio_results\2308_audio13.wav|||
2308_audio15.wav|audio15.txt|Tolong buat checklist persiapan umroh termasuk barang wajib di bawah.|Tolong buat checklist persiapan umrah termasuk barang wajib dibawa|0.3333|0.0606|"```json {   """"perbaikan"""": """"Tolong buatkan daftar periksa persiapan umrah, termasuk barang-barang wajib yang harus dibawa."""",   """"tagging"""": """"[ID:Tolong buat checklist persiapan umroh termasuk barang wajib di bawah.]"""",   """"respon"""": """"Daftar periksa utama meliputi paspor, visa, dokumen kesehatan, pakaian ihram, serta obat-obatan pribadi. Pastikan juga Anda membawa perlengkapan mandi dan alat ibadah yang diperlukan."""" } ```"|SUCCESS|36.34|data/evaluation_output/audio_results\2308_audio15.wav|||
2308_audio17.wav|audio17.txt|Menurut kamu, belajar bahasa Arab itu susah nggak untuk pemula?|Menurut kamu belajar bahasa Arab itu susah gak untuk pemula|0.3|0.0678|"```json {   """"perbaikan"""": """"Menurut Anda, apakah belajar bahasa Arab sulit bagi pemula?"""",   """"tagging"""": """"[ID:Menurut kamu, belajar bahasa Arab itu susah nggak untuk pemula?]"""",   """"respon"""": """"Tingkat kesulitan belajar bahasa Arab sangat bergantung pada metode dan konsistensi Anda dalam belajar. Bagi pemula, mempelajari kosakata dasar dan pelafalan secara rutin akan sangat membantu proses pembelajaran."""" } ```"|SUCCESS|43.43|data/evaluation_output/audio_results\2308_audio17.wav|||
2309_audio01.wav|audio01.txt|Aku mau book flight ke Jeddah minggu depan. Bisa bantu schedule.|Aku mau book flight ke Jeddah minggu depan, bisa bantu schedule?|0.1818|0.0312|"```json {   """"perbaikan"""": """"Saya ingin memesan tiket pesawat ke Jeddah minggu depan. Bisakah Anda membantu mengatur jadwalnya?"""",   """"tagging"""": """"[ID:Aku mau] [EN:book flight] [ID:ke Jeddah minggu depan. Bisa bantu] [EN:schedule.]"""",   """"respon"""": """"Anda dapat memeriksa jadwal penerbangan melalui situs resmi maskapai atau agen perjalanan daring. Segera lakukan pemesanan agar mendapatkan ketersediaan kursi dan harga yang sesuai."""" } ```"|SUCCESS|41.46|data/evaluation_output/audio_results\2309_audio01.wav|||
2309_audio02.wav|audio02.txt|Aku butuh travel umrah simple tapi include Madinah visit.|Aku butuh travel umrah simple tapi include Madinah visit|0.1111|0.0179|"```json {   """"perbaikan"""": """"Saya membutuhkan paket perjalanan umrah yang praktis namun sudah termasuk kunjungan ke Madinah."""",   """"tagging"""": """"[ID:Aku butuh travel umrah simple tapi include] [EN:Madinah visit.]"""",   """"respon"""": """"Anda dapat mencari paket umrah praktis yang sudah mencakup kunjungan ke Madinah melalui biro perjalanan resmi. Pastikan untuk memeriksa rincian rencana perjalanan agar sesuai dengan kebutuhan Anda."""" } ```"|SUCCESS|31.56|data/evaluation_output/audio_results\2309_audio02.wav|||
2309_audio03.wav|audio03.txt|Can you help aku arrange transport dari Jeddah ke Madinah tomorrow?|Can you help aku arrange transport dari Jeddah ke Madinah tomorrow|0.0909|0.0152|"```json {   """"perbaikan"""": """"Bisakah Anda membantu saya mengatur transportasi dari Jeddah ke Madinah besok?"""",   """"tagging"""": """"[EN:Can you help] [ID:aku] [EN:arrange transport] [ID:dari Jeddah ke Madinah] [EN:tomorrow?]"""",   """"respon"""": """"Anda dapat memesan tiket kereta cepat atau layanan bus melalui aplikasi resmi untuk perjalanan besok. Segera lakukan pemesanan guna memastikan ketersediaan jadwal dan kursi."""" } ```"|SUCCESS|40.68|data/evaluation_output/audio_results\2309_audio03.wav|||
2309_audio04.wav|audio04.txt|Explain step by step cara apply visa Saudi dengan benar.|Explain step by step cara apply visa Saudi dengan benar|0.1|0.0182|"```json {   """"perbaikan"""": """"Jelaskan langkah demi langkah cara mengajukan visa Arab Saudi dengan benar."""",   """"tagging"""": """"[EN:Explain step by step] [ID:cara] [EN:apply] [ID:visa Saudi dengan benar.]"""",   """"respon"""": """"Pertama, kunjungi situs resmi atau platform pengajuan visa yang ditunjuk untuk mengisi formulir secara daring. Selanjutnya, unggah dokumen yang diperlukan seperti paspor dan foto, lalu selesaikan proses pembayaran biaya visa."""" } ```"|SUCCESS|32.1|data/evaluation_output/audio_results\2309_audio04.wav|||
2309_audio05.wav|audio05.txt|"Ya ahi, uridu bukflaik ila jadda al-usbu'a al-qadim. Hal bisa bantu ajidda afdal skedule warihlata mubasharah?"|Ya akhi, uridu book flight ila Jeddah al-usbu'al qadim. Hal bisa bantu ajida afdhal schedule wa rihlatan mubashirah?|0.6667|0.181|"```json {   """"perbaikan"""": """"Saudara, saya ingin memesan penerbangan ke Jeddah minggu depan. Bisakah Anda membantu saya menemukan jadwal terbaik untuk penerbangan langsung?"""",   """"tagging"""": """"[AR:Ya ahi], [AR:uridu] [EN:bukflaik] [AR:ila] [ID:jadda] [AR:al-usbu'a al-qadim]. [AR:Hal] [ID:bisa bantu] [AR:ajidda afdal] [EN:skedule] [AR:warihlata mubasharah]?"""",   """"respon"""": """"Anda dapat memeriksa jadwal penerbangan langsung ke Jeddah melalui situs resmi maskapai atau agen perjalanan daring. Disarankan untuk segera melakukan pemesanan guna mendapatkan jadwal yang paling sesuai."""" } ```"|SUCCESS|59.57|data/evaluation_output/audio_results\2309_audio05.wav|||
2309_audio06.wav|audio06.txt|Uridu arranged transport min Jeddah ila Madinah hodan|Urīdu arrange transport min Jeddah ilā Madinah ghadan|0.5|0.0943|"```json {   """"perbaikan"""": """"Saya ingin mengatur transportasi dari Jeddah ke Madinah besok."""",   """"tagging"""": """"[AR:Uridu] [EN:arranged transport] [AR:min] [ID:Jeddah] [AR:ila] [ID:Madinah] [AR:hodan]"""",   """"respon"""": """"Anda dapat memesan tiket kereta cepat atau bus melalui aplikasi resmi untuk perjalanan besok. Disarankan untuk segera melakukan pemesanan guna memastikan ketersediaan jadwal dan kursi."""" } ```"|SUCCESS|30.6|data/evaluation_output/audio_results\2309_audio06.wav|||
2309_audio08.wav|audio08.txt|Uridu schedule trip dari Jeddah ke Mekah besok pagi.|uridu schedule trip min jeddah ila makkah bukra sabah|0.5556|0.3208|"```json {   """"perbaikan"""": """"Saya ingin mengatur jadwal perjalanan dari Jeddah ke Mekah besok pagi."""",   """"tagging"""": """"[AR:Uridu] [EN:schedule trip] [ID:dari Jeddah ke Mekah besok pagi.]"""",   """"respon"""": """"Anda dapat menggunakan layanan taksi, bus, atau kereta cepat untuk perjalanan tersebut. Disarankan untuk melakukan pemesanan sekarang agar Anda mendapatkan jadwal yang paling sesuai."""" } ```"|SUCCESS|41.79|data/evaluation_output/audio_results\2309_audio08.wav|||
2309_audio12.wav|audio12.txt|Bagaimana proses visa Saudi untuk umroh dari Indonesia sekarang?|Bagaimana proses visa Saudi untuk umrah dari Indonesia sekarang|0.2222|0.0317|"```json {   """"perbaikan"""": """"Bagaimana proses pengajuan visa Arab Saudi untuk umrah dari Indonesia saat ini?"""",   """"tagging"""": """"[ID:Bagaimana proses visa Saudi untuk umroh dari Indonesia sekarang?]"""",   """"respon"""": """"Saat ini, Anda dapat mengajukan visa umrah melalui biro perjalanan resmi atau menggunakan visa turis secara daring melalui platform resmi Arab Saudi. Pastikan Anda memiliki paspor yang masih berlaku serta dokumen pendukung lainnya yang diperlukan."""" } ```"|SUCCESS|31.45|data/evaluation_output/audio_results\2309_audio12.wav|||
2309_audio15.wav|audio15.txt|Tolong buat checklist persiapan umroh termasuk barang wajib dibawa.|Tolong buat checklist persiapan umrah termasuk barang wajib dibawa|0.2222|0.0303|"```json {   """"perbaikan"""": """"Tolong buatkan daftar periksa persiapan umrah, termasuk barang-barang wajib yang harus dibawa."""",   """"tagging"""": """"[ID:Tolong buat checklist persiapan umroh termasuk barang wajib dibawa.]"""",   """"respon"""": """"Daftar periksa umrah meliputi dokumen penting seperti paspor dan visa, serta perlengkapan pribadi seperti pakaian ihram dan obat-obatan. Pastikan Anda juga menyiapkan buku doa dan alat salat yang nyaman."""" } ```"|SUCCESS|32.11|data/evaluation_output/audio_results\2309_audio15.wav|||
2309_audio17.wav|audio17.txt|Menurut kamu belajar bahasa Arab itu susah gak untuk pemula|Menurut kamu belajar bahasa Arab itu susah gak untuk pemula|0.0|0.0|"```json {   """"perbaikan"""": """"Menurut Anda, apakah belajar bahasa Arab itu sulit bagi pemula?"""",   """"tagging"""": """"[ID:Menurut kamu belajar bahasa Arab itu susah gak untuk pemula]"""",   """"respon"""": """"Tingkat kesulitan belajar bahasa Arab sangat bergantung pada metode dan konsistensi Anda. Bagi pemula, mempelajari kosakata dasar dan tata bahasa secara rutin akan sangat membantu proses pembelajaran."""" } ```"|SUCCESS|31.79|data/evaluation_output/audio_results\2309_audio17.wav|||
2310_Audio01.wav|Audio01.txt|Aku mau book flight ke Jeddah minggu depan, bisa bantu schedule?|Aku mau book flight ke Jeddah minggu depan, bisa bantu schedule?|0.0|0.0|"```json {   """"perbaikan"""": """"Saya ingin memesan tiket pesawat ke Jeddah minggu depan, bisakah Anda membantu mengatur jadwalnya?"""",   """"tagging"""": """"[ID:Aku mau] [EN:book flight] [ID:ke Jeddah minggu depan, bisa bantu] [EN:schedule?]"""",   """"respon"""": """"Anda dapat memeriksa jadwal penerbangan melalui situs resmi maskapai atau agen perjalanan daring untuk mendapatkan waktu yang diinginkan. Segera lakukan pemesanan agar Anda mendapatkan harga dan ketersediaan kursi terbaik."""" } ```"|SUCCESS|41.76|data/evaluation_output/audio_results\2310_Audio01.wav|||
2310_Audio02.wav|Audio02.txt|Aku butuh travel umrah simple, tapi include Madinah visit.|Aku butuh travel umrah simple tapi include Madinah visit|0.2222|0.0357|"```json {   """"perbaikan"""": """"Saya membutuhkan paket perjalanan umrah yang praktis, namun sudah termasuk kunjungan ke Madinah."""",   """"tagging"""": """"[ID:Aku butuh travel umrah simple, tapi include Madinah visit.]"""",   """"respon"""": """"Anda dapat mencari paket umrah praktis yang sudah mencakup kunjungan ke Madinah melalui agen perjalanan resmi. Pastikan untuk meninjau rincian jadwal perjalanan agar sesuai dengan keinginan Anda."""" } ```"|SUCCESS|33.43|data/evaluation_output/audio_results\2310_Audio02.wav|||
2310_Audio03.wav|Audio03.txt|Can you help aku arrange transport dari Jeddah ke Madinah tomorrow?|Can you help aku arrange transport dari Jeddah ke Madinah tomorrow|0.0909|0.0152|"```json {   """"perbaikan"""": """"Bisakah Anda membantu saya mengatur transportasi dari Jeddah ke Madinah besok?"""",   """"tagging"""": """"[EN:Can you help] [ID:aku] [EN:arrange transport] [ID:dari Jeddah ke Madinah] [EN:tomorrow?]"""",   """"respon"""": """"Anda dapat memesan tiket kereta cepat atau layanan bus melalui aplikasi resmi untuk perjalanan besok. Segera lakukan pemesanan guna memastikan ketersediaan jadwal dan kursi."""" } ```"|SUCCESS|43.36|data/evaluation_output/audio_results\2310_Audio03.wav|||
2310_Audio04.wav|Audio04.txt|Explain step by step cara apply visa Saudi dengan benar|Explain step by step cara apply visa Saudi dengan benar|0.0|0.0|"```json {   """"perbaikan"""": """"Jelaskan langkah demi langkah cara mengajukan visa Arab Saudi dengan benar."""",   """"tagging"""": """"[EN:Explain step by step] [ID:cara] [EN:apply] [ID:visa Saudi dengan benar]"""",   """"respon"""": """"Pertama, kunjungi situs resmi atau aplikasi Nusuk untuk mengisi formulir pengajuan visa secara daring. Selanjutnya, unggah dokumen pendukung seperti paspor, lalu selesaikan pembayaran biaya visa yang ditentukan."""" } ```"|SUCCESS|31.25|data/evaluation_output/audio_results\2310_Audio04.wav|||
2310_Audio05.wav|Audio05.txt|"Ya akhi, uridu bukflag ila jedah al-usbu'al qadim hal bisa bantu ajidah afdal skejul warih latan mubashiroh?"|Ya akhi, uridu book flight ila Jeddah al-usbu'al qadim. Hal bisa bantu ajida afdhal schedule wa rihlatan mubashirah?|0.5556|0.1466|"```json {   """"perbaikan"""": """"Saudara, saya ingin memesan penerbangan ke Jeddah minggu depan. Bisakah Anda membantu saya menemukan jadwal terbaik untuk penerbangan langsung?"""",   """"tagging"""": """"[AR:Ya akhi], [AR:uridu] [EN:bukflag] [AR:ila] [ID:jedah] [AR:al-usbu'al qadim] [AR:hal] [ID:bisa bantu] [AR:ajidah afdal] [EN:skejul] [AR:warih latan mubashiroh]?"""",   """"respon"""": """"Anda dapat memeriksa jadwal penerbangan langsung ke Jeddah melalui situs resmi maskapai atau agen perjalanan daring. Segera lakukan pemesanan agar Anda mendapatkan jadwal yang paling sesuai dengan rencana Anda."""" } ```"|SUCCESS|35.39|data/evaluation_output/audio_results\2310_Audio05.wav|||
2310_Audio06.wav|Audio06.txt|Puridu Arrange Transport menjedah ila Madinah Wadan|Urīdu arrange transport min Jeddah ilā Madinah ghadan|0.625|0.1509|"```json {   """"perbaikan"""": """"Saya ingin mengatur transportasi dari Jeddah ke Madinah besok."""",   """"tagging"""": """"[AR:Puridu] [EN:Arrange Transport] [AR:menjedah] [AR:ila] [ID:Madinah] [AR:Wadan]"""",   """"respon"""": """"Anda dapat menggunakan layanan kereta cepat atau bus untuk perjalanan dari Jeddah ke Madinah besok. Disarankan untuk segera melakukan pemesanan melalui aplikasi resmi guna memastikan ketersediaan jadwal."""" } ```"|SUCCESS|441.16|data/evaluation_output/audio_results\2310_Audio06.wav|||
2310_Audio07.wav|Audio07.txt|Book flight ke Jeddah lalu lanjut ke Madinah. Schedule terbaik kapan?|Book flight ke Jeddah lalu lanjut ke Madinah, schedule terbaik kapan|0.1818|0.0294|"```json {   """"perbaikan"""": """"Bagaimana cara memesan penerbangan ke Jeddah dan kemudian melanjutkan perjalanan ke Madinah, serta kapan jadwal terbaiknya?"""",   """"tagging"""": """"[EN:Book flight] [ID:ke Jeddah lalu lanjut ke Madinah. Schedule terbaik kapan?]"""",   """"respon"""": """"Jadwal terbaik sangat bergantung pada musim perjalanan dan ketersediaan tiket maskapai penerbangan. Anda disarankan untuk memeriksa situs resmi maskapai guna mendapatkan informasi waktu keberangkatan yang paling efisien."""" } ```"|SUCCESS|34.95|data/evaluation_output/audio_results\2310_Audio07.wav|||
2310_Audio11.wav|Audio11.txt|Kenapa fasting di ramadhan itu wajib bagi muslim?|kenapa fasting di ramadan itu wajib bagi muslim|0.25|0.0426|"```json {   """"perbaikan"""": """"Mengapa berpuasa di bulan Ramadan itu wajib bagi umat Muslim?"""",   """"tagging"""": """"[ID:Kenapa fasting di ramadhan itu wajib bagi muslim?]"""",   """"respon"""": """"Berpuasa di bulan Ramadan adalah salah satu dari rukun Islam yang wajib dilaksanakan sebagai bentuk ketaatan kepada perintah Allah SWT. Ibadah ini bertujuan untuk meningkatkan ketakwaan, melatih kesabaran, serta menumbuhkan rasa empati terhadap sesama."""" } ```"|SUCCESS|33.52|data/evaluation_output/audio_results\2310_Audio11.wav|||
2310_Audio14.wav|Audio14.txt|How to prepare dokumen umroh dari Indonesia dengan benar|How to prepare dokumen umrah dari Indonesia dengan benar|0.1111|0.0179|"```json {   """"perbaikan"""": """"Bagaimana cara menyiapkan dokumen umrah dari Indonesia dengan benar?"""",   """"tagging"""": """"[EN:How to prepare] [ID:dokumen umroh dari Indonesia dengan benar]"""",   """"respon"""": """"Anda perlu menyiapkan paspor dengan masa berlaku minimal enam bulan, visa umrah, serta dokumen kesehatan yang diperlukan. Disarankan untuk berkonsultasi dengan biro perjalanan resmi guna memastikan seluruh persyaratan administrasi telah terpenuhi."""" } ```"|SUCCESS|32.99|data/evaluation_output/audio_results\2310_Audio14.wav|||
2310_Audio20.wav|Audio20.txt|I want to go to Mecca next week|aku mau pergi ke Makkah minggu depan|1.1429|0.6944|"```json {   """"perbaikan"""": """"Saya ingin pergi ke Mekah minggu depan."""",   """"tagging"""": """"[EN:I want to go to Mecca next week]"""",   """"respon"""": """"Anda dapat segera merencanakan perjalanan dengan memesan tiket pesawat dan akomodasi. Pastikan juga seluruh dokumen perjalanan dan visa Anda telah siap sebelum keberangkatan."""" } ```"|SUCCESS|42.5|data/evaluation_output/audio_results\2310_Audio20.wav|||
2311_audio01.wav|audio01.txt|Aku mau book flight ke juta minggu depan. Bisa bantu schedule?|Aku mau book flight ke Jeddah minggu depan, bisa bantu schedule?|0.1818|0.0781|"```json {   """"perbaikan"""": """"Saya ingin memesan tiket pesawat ke Jeddah minggu depan. Bisakah Anda membantu mengatur jadwalnya?"""",   """"tagging"""": """"[ID:Aku mau] [EN:book flight] [ID:ke juta minggu depan. Bisa bantu] [EN:schedule?]"""",   """"respon"""": """"Anda dapat memeriksa jadwal penerbangan melalui situs resmi maskapai atau agen perjalanan daring. Segera lakukan pemesanan agar mendapatkan ketersediaan kursi dan harga terbaik."""" } ```"|SUCCESS|47.08|data/evaluation_output/audio_results\2311_audio01.wav|||
2311_audio02.wav|audio02.txt|Aku butuh travel umroh simple, tapi include Madinah visit.|Aku butuh travel umrah simple tapi include Madinah visit|0.3333|0.0536|"```json {   """"perbaikan"""": """"Saya membutuhkan paket umrah yang praktis, tetapi sudah termasuk kunjungan ke Madinah."""",   """"tagging"""": """"[ID:Aku butuh travel umroh simple, tapi include Madinah visit.]"""",   """"respon"""": """"Anda dapat mencari paket umrah praktis yang sudah menyertakan kunjungan ke Madinah melalui agen perjalanan resmi. Pastikan untuk meninjau rincian rencana perjalanan agar sesuai dengan kebutuhan Anda."""" } ```"|SUCCESS|32.19|data/evaluation_output/audio_results\2311_audio02.wav|||
2311_audio03.wav|audio03.txt|Can you help aku arrange transport dari Jeddah ke Madinah Temuruh?|Can you help aku arrange transport dari Jeddah ke Madinah tomorrow|0.0909|0.0758|"```json {   """"perbaikan"""": """"Bisakah Anda membantu saya mengatur transportasi dari Jeddah ke Madinah besok?"""",   """"tagging"""": """"[EN:Can you help] [ID:aku] [EN:arrange transport] [ID:dari Jeddah ke Madinah] [EN:Temuruh?]"""",   """"respon"""": """"Anda dapat memesan tiket kereta cepat atau bus melalui aplikasi resmi untuk perjalanan besok. Segera lakukan pemesanan guna memastikan ketersediaan jadwal dan kursi."""" } ```"|SUCCESS|41.69|data/evaluation_output/audio_results\2311_audio03.wav|||
2311_audio04.wav|audio04.txt|Explain step by step cara apply visa Saudi dengan benar|Explain step by step cara apply visa Saudi dengan benar|0.0|0.0|"```json {   """"perbaikan"""": """"Jelaskan langkah demi langkah cara mengajukan visa Arab Saudi dengan benar."""",   """"tagging"""": """"[EN:Explain step by step] [ID:cara] [EN:apply] [ID:visa Saudi dengan benar]"""",   """"respon"""": """"Pertama, kunjungi situs resmi visa Arab Saudi atau platform Nusuk untuk mengisi formulir daring. Selanjutnya, unggah dokumen pendukung seperti paspor dan bukti kesehatan, lalu selesaikan pembayaran biaya visa yang ditentukan."""" } ```"|SUCCESS|33.61|data/evaluation_output/audio_results\2311_audio04.wav|||
2311_audio05.wav|audio05.txt|Ya, akhi, urinu bukflai ilajatlah al-usbu'al qadim. Hal bisa bantu adidah afdal skajul warih latanmu, Bashirah?|Ya akhi, uridu book flight ila Jeddah al-usbu'al qadim. Hal bisa bantu ajida afdhal schedule wa rihlatan mubashirah?|0.6667|0.2241|"```json {   """"perbaikan"""": """"Saudara, saya ingin memesan penerbangan ke Jeddah minggu depan. Bisakah Anda membantu saya menemukan jadwal terbaik untuk penerbangan langsung?"""",   """"tagging"""": """"[AR:Ya, akhi], [AR:urinu] [EN:bukflai] [AR:ilajatlah] [AR:al-usbu'al qadim]. [AR:Hal] [ID:bisa bantu] [AR:adidah afdal] [EN:skajul] [AR:warih latanmu, Bashirah]?"""",   """"respon"""": """"Anda dapat memeriksa jadwal penerbangan langsung ke Jeddah melalui situs resmi maskapai atau agen perjalanan daring. Segera lakukan pemesanan agar Anda mendapatkan waktu keberangkatan yang paling sesuai dengan rencana Anda."""" } ```"|SUCCESS|38.05|data/evaluation_output/audio_results\2311_audio05.wav|||
2311_audio06.wav|audio06.txt|Suri duerrain transport min jedda ila Madinah Gadan.|Urīdu arrange transport min Jeddah ilā Madinah ghadan|0.625|0.2264|"```json {   """"perbaikan"""": """"Saya ingin mengatur transportasi dari Jeddah ke Madinah besok."""",   """"tagging"""": """"[AR:Suri duerrain] [EN:transport] [AR:min] [ID:jedda] [AR:ila] [ID:Madinah] [AR:Gadan]"""",   """"respon"""": """"Anda dapat memesan tiket kereta cepat atau layanan bus melalui aplikasi resmi untuk perjalanan besok. Segera lakukan pemesanan guna memastikan ketersediaan jadwal."""" } ```"|SUCCESS|49.05|data/evaluation_output/audio_results\2311_audio06.wav|||
2311_audio09.wav|audio09.txt|mungkin buktransport min makah ila madina untuk besok|mumkin book transport min makkah ila madinah untuk besok?|0.6667|0.1404|"```json {   """"perbaikan"""": """"Mungkin saya ingin memesan transportasi dari Mekah ke Madinah untuk besok."""",   """"tagging"""": """"[ID:mungkin] [EN:buktransport] [AR:min] [ID:makah] [AR:ila] [ID:madina] [ID:untuk besok]"""",   """"respon"""": """"Anda dapat memesan tiket kereta cepat atau layanan bus melalui aplikasi transportasi resmi untuk perjalanan besok. Segera lakukan pemesanan guna memastikan ketersediaan jadwal dan kursi."""" } ```"|SUCCESS|31.43|data/evaluation_output/audio_results\2311_audio09.wav|||
2311_audio12.wav|audio12.txt|Bagaimana proses visa Saudi untuk umrah dari Indonesia sekarang?|Bagaimana proses visa Saudi untuk umrah dari Indonesia sekarang|0.1111|0.0159|"```json {   """"perbaikan"""": """"Bagaimana proses visa Arab Saudi untuk umrah dari Indonesia saat ini?"""",   """"tagging"""": """"[ID:Bagaimana proses visa Saudi untuk umrah dari Indonesia sekarang?]"""",   """"respon"""": """"Saat ini, Anda dapat mengajukan visa umrah melalui biro perjalanan resmi atau menggunakan visa turis secara daring melalui platform resmi pemerintah Arab Saudi. Pastikan paspor Anda memiliki masa berlaku minimal enam bulan dan seluruh persyaratan administrasi telah terpenuhi."""" } ```"|SUCCESS|33.23|data/evaluation_output/audio_results\2311_audio12.wav|||
2311_audio14.wav|audio14.txt|How to prepare dokumen umroh dari Indonesia dengan benar?|How to prepare dokumen umrah dari Indonesia dengan benar|0.2222|0.0357|"```json {   """"perbaikan"""": """"Bagaimana cara menyiapkan dokumen umrah dari Indonesia dengan benar?"""",   """"tagging"""": """"[EN:How to prepare] [ID:dokumen umroh dari Indonesia dengan benar?]"""",   """"respon"""": """"Anda perlu menyiapkan paspor dengan masa berlaku minimal enam bulan, visa umrah, serta dokumen kesehatan yang diperlukan. Disarankan untuk berkonsultasi dengan biro perjalanan resmi agar seluruh persyaratan administrasi telah terpenuhi dengan benar."""" } ```"|SUCCESS|32.62|data/evaluation_output/audio_results\2311_audio14.wav|||
2311_audio17.wav|audio17.txt|Menurut kamu belajar bahasa Arab itu susah nggak untuk pemula?|Menurut kamu belajar bahasa Arab itu susah gak untuk pemula|0.2|0.0508|"```json {   """"perbaikan"""": """"Menurut Anda, apakah belajar bahasa Arab sulit bagi pemula?"""",   """"tagging"""": """"[ID:Menurut kamu belajar bahasa Arab itu susah nggak untuk pemula?]"""",   """"respon"""": """"Tingkat kesulitan belajar bahasa Arab sangat bergantung pada metode dan konsistensi belajar Anda. Bagi pemula, mempelajari alfabet dan kosakata dasar secara rutin akan sangat membantu proses pembelajaran."""" } ```"|SUCCESS|32.61|data/evaluation_output/audio_results\2311_audio17.wav|||
2312_audio1.wav|audio01.txt|Aku mau book flight ke Jeddah minggu depan, bisa bantu schedule?|Aku mau book flight ke Jeddah minggu depan, bisa bantu schedule?|0.0|0.0|"```json {   """"perbaikan"""": """"Saya ingin memesan tiket pesawat ke Jeddah minggu depan, bisakah Anda membantu mengatur jadwalnya?"""",   """"tagging"""": """"[ID:Aku mau] [EN:book flight] [ID:ke Jeddah minggu depan, bisa bantu] [EN:schedule?]"""",   """"respon"""": """"Anda dapat memeriksa jadwal penerbangan melalui situs resmi maskapai atau agen perjalanan daring untuk mendapatkan waktu keberangkatan yang diinginkan. Segera lakukan pemesanan guna mendapatkan harga dan ketersediaan kursi terbaik."""" } ```"|SUCCESS|43.41|data/evaluation_output/audio_results\2312_audio1.wav|||
2312_audio11.wav|audio11.txt|Kenapa fasting di Ramadan itu wajib bagi muslim?|kenapa fasting di ramadan itu wajib bagi muslim|0.125|0.0213|"```json {   """"perbaikan"""": """"Mengapa berpuasa di bulan Ramadan wajib bagi umat Muslim?"""",   """"tagging"""": """"[ID:Kenapa fasting di Ramadan itu wajib bagi muslim?]"""",   """"respon"""": """"Puasa Ramadan adalah salah satu dari rukun Islam yang diperintahkan langsung dalam Al-Qur'an. Hal ini bertujuan untuk meningkatkan ketakwaan, melatih kesabaran, dan menumbuhkan empati terhadap sesama."""" } ```"|SUCCESS|31.18|data/evaluation_output/audio_results\2312_audio11.wav|||
2312_audio15.wav|audio15.txt|Tolong buat checklist persiapan umrah termasuk barang wajib di bawah|Tolong buat checklist persiapan umrah termasuk barang wajib dibawa|0.2222|0.0303|"```json {   """"perbaikan"""": """"Tolong buatkan daftar periksa persiapan umrah, termasuk barang-barang wajib yang harus dibawa."""",   """"tagging"""": """"[ID:Tolong buat checklist persiapan umrah termasuk barang wajib di bawah]"""",   """"respon"""": """"Daftar periksa utama meliputi paspor, visa, dokumen vaksinasi, serta pakaian ihram. Selain itu, pastikan Anda membawa obat-obatan pribadi, perlengkapan ibadah, dan pengisi daya ponsel untuk kenyamanan selama perjalanan."""" } ```"|SUCCESS|32.74|data/evaluation_output/audio_results\2312_audio15.wav|||
2312_audio19.wav|audio19.txt|Ah yanan saya bingung mulai dari mana untuk umrah|ahyanan saya bingung mulai dari mana untuk umrah|0.25|0.0208|"```json {   """"perbaikan"""": """"Aduh, saya bingung harus mulai dari mana untuk umrah."""",   """"tagging"""": """"[ID:Ah yanan saya bingung mulai dari mana untuk umrah]"""",   """"respon"""": """"Anda dapat memulainya dengan menentukan anggaran dan memilih biro perjalanan resmi yang terpercaya. Setelah itu, segera siapkan dokumen penting seperti paspor dan visa untuk kelancaran perjalanan Anda."""" } ```"|SUCCESS|31.85|data/evaluation_output/audio_results\2312_audio19.wav|||
2312_audio2.wav|audio02.txt|Aku butuh travel umroh simpel tapi ikut Madinah visit.|Aku butuh travel umrah simple tapi include Madinah visit|0.4444|0.1607|"```json {   """"perbaikan"""": """"Saya membutuhkan paket perjalanan umrah yang praktis tetapi sudah termasuk kunjungan ke Madinah."""",   """"tagging"""": """"[ID:Aku butuh travel umroh simpel tapi ikut Madinah visit.]"""",   """"respon"""": """"Anda dapat mencari paket umrah praktis yang sudah mencakup kunjungan ke Madinah melalui agen perjalanan resmi. Pastikan untuk meninjau rincian rencana perjalanan agar sesuai dengan kebutuhan Anda."""" } ```"|SUCCESS|31.81|data/evaluation_output/audio_results\2312_audio2.wav|||
2312_audio20.wav|audio20.txt|translate ke english aku mau pergi ke makah minggu depan|aku mau pergi ke Makkah minggu depan|0.5714|0.6111|"```json {   """"perbaikan"""": """"Terjemahkan ke dalam bahasa Inggris: 'Saya ingin pergi ke Mekah minggu depan'."""",   """"tagging"""": """"[ID:translate ke] [EN:english] [ID:aku mau pergi ke makah minggu depan]"""",   """"respon"""": """"Terjemahan dalam bahasa Inggris adalah: 'I want to go to Mecca next week'."""" } ```"|SUCCESS|30.49|data/evaluation_output/audio_results\2312_audio20.wav|||
2312_audio3.wav|audio03.txt|can you help aku arrange transport dari jeddah ke madinah tomorrow|Can you help aku arrange transport dari Jeddah ke Madinah tomorrow|0.0|0.0|"```json {   """"perbaikan"""": """"Bisakah Anda membantu saya mengatur transportasi dari Jeddah ke Madinah besok?"""",   """"tagging"""": """"[EN:can you help] [ID:aku] [EN:arrange transport] [ID:dari] [ID:jeddah] [ID:ke] [ID:madinah] [EN:tomorrow]"""",   """"respon"""": """"Anda dapat memesan tiket kereta cepat atau bus melalui aplikasi resmi untuk perjalanan besok. Segera lakukan pemesanan guna memastikan ketersediaan jadwal dan kursi."""" } ```"|SUCCESS|56.87|data/evaluation_output/audio_results\2312_audio3.wav|||
2312_audio4.wav|audio04.txt|Explain step by step cara apply visa Saudi dengan benar|Explain step by step cara apply visa Saudi dengan benar|0.0|0.0|"```json {   """"perbaikan"""": """"Jelaskan langkah demi langkah cara mengajukan visa Arab Saudi dengan benar."""",   """"tagging"""": """"[EN:Explain step by step] [ID:cara] [EN:apply] [ID:visa Saudi dengan benar]"""",   """"respon"""": """"Pertama, kunjungi situs resmi pengajuan visa atau aplikasi Nusuk untuk mengisi formulir secara daring. Selanjutnya, unggah dokumen yang diperlukan seperti paspor dan bukti kesehatan, lalu selesaikan pembayaran biaya visa."""" } ```"|SUCCESS|30.55|data/evaluation_output/audio_results\2312_audio4.wav|||
2312_audio5.wav|audio05.txt|ya akhi uridu buk flaik ila jeddah al usbu'un lqadim hal bisa bantu aji da abdal skedul warih latan mubasyirah|Ya akhi, uridu book flight ila Jeddah al-usbu'al qadim. Hal bisa bantu ajida afdhal schedule wa rihlatan mubashirah?|0.7222|0.1897|"```json {   """"perbaikan"""": """"Saudara, saya ingin memesan penerbangan ke Jeddah minggu depan. Bisakah Anda membantu saya menemukan jadwal terbaik untuk penerbangan langsung?"""",   """"tagging"""": """"[AR:ya akhi] [AR:uridu] [EN:buk flaik] [AR:ila jeddah] [AR:al usbu'un lqadim] [AR:hal] [ID:bisa bantu] [AR:aji da abdal] [EN:skedul] [AR:warih latan mubasyirah]"""",   """"respon"""": """"Anda dapat mencari jadwal penerbangan langsung ke Jeddah melalui situs resmi maskapai atau agen perjalanan daring. Segera lakukan pemesanan agar Anda mendapatkan waktu keberangkatan yang paling sesuai dengan rencana Anda."""" } ```"|SUCCESS|43.89|data/evaluation_output/audio_results\2312_audio5.wav|||
2312_audio6.wav|audio06.txt|Uridu arrange transport min jeddah ila Madinah Qadan|Urīdu arrange transport min Jeddah ilā Madinah ghadan|0.375|0.0755|"```json {   """"perbaikan"""": """"Saya ingin mengatur transportasi dari Jeddah ke Madinah besok."""",   """"tagging"""": """"[AR:Uridu] [EN:arrange transport] [AR:min] [ID:jeddah] [AR:ila] [ID:Madinah] [AR:Qadan]"""",   """"respon"""": """"Anda dapat memesan tiket kereta cepat atau bus melalui aplikasi resmi untuk perjalanan besok. Segera lakukan pemesanan guna memastikan ketersediaan jadwal dan kursi."""" } ```"|SUCCESS|30.8|data/evaluation_output/audio_results\2312_audio6.wav|||
2312_audio7.wav|audio07.txt|Book flight ke Jeddah lalu lanjut ke Madinah, skedul terbaik kapan?|Book flight ke Jeddah lalu lanjut ke Madinah, schedule terbaik kapan|0.1818|0.0588|"```json {   """"perbaikan"""": """"Bagaimana cara memesan penerbangan ke Jeddah lalu melanjutkan perjalanan ke Madinah, dan kapan jadwal terbaiknya?"""",   """"tagging"""": """"[EN:Book flight] [ID:ke Jeddah lalu lanjut ke Madinah,] [EN:skedul] [ID:terbaik kapan?]"""",   """"respon"""": """"Jadwal terbaik sangat bergantung pada ketersediaan tiket maskapai dan musim perjalanan Anda. Anda disarankan untuk memeriksa situs resmi maskapai penerbangan guna mendapatkan informasi jadwal yang paling efisien."""" } ```"|SUCCESS|385.21|data/evaluation_output/audio_results\2312_audio7.wav|||
2313_audio01.wav|audio01.txt|Aku mau book flight ke Jeddah minggu depan, bisa bantu schedule.|Aku mau book flight ke Jeddah minggu depan, bisa bantu schedule?|0.0909|0.0156|"```json {   """"perbaikan"""": """"Saya ingin memesan tiket pesawat ke Jeddah minggu depan, bisakah Anda membantu mengatur jadwalnya?"""",   """"tagging"""": """"[ID:Aku mau] [EN:book flight] [ID:ke Jeddah minggu depan, bisa bantu] [EN:schedule.]"""",   """"respon"""": """"Anda dapat memeriksa jadwal penerbangan melalui situs resmi maskapai atau agen perjalanan daring. Segera lakukan pemesanan untuk mendapatkan harga dan ketersediaan kursi yang paling sesuai."""" } ```"|SUCCESS|44.14|data/evaluation_output/audio_results\2313_audio01.wav|||
2313_audio02.wav|audio02.txt|aku butuh travel umrah simple tapi include Madinah visit|Aku butuh travel umrah simple tapi include Madinah visit|0.0|0.0|"```json {   """"perbaikan"""": """"Saya membutuhkan paket umrah praktis yang sudah termasuk kunjungan ke Madinah."""",   """"tagging"""": """"[ID:aku butuh travel umrah simple tapi include] [EN:Madinah visit]"""",   """"respon"""": """"Anda dapat mencari paket umrah praktis yang sudah mencakup kunjungan ke Madinah melalui agen perjalanan resmi. Pastikan untuk meninjau rincian rencana perjalanan agar sesuai dengan kebutuhan Anda."""" } ```"|SUCCESS|31.84|data/evaluation_output/audio_results\2313_audio02.wav|||
2313_audio03.wav|audio03.txt|Can you help aku arrange transport dari Jeddah ke Madinah tomorrow?|Can you help aku arrange transport dari Jeddah ke Madinah tomorrow|0.0909|0.0152|"```json {   """"perbaikan"""": """"Bisakah Anda membantu saya mengatur transportasi dari Jeddah ke Madinah besok?"""",   """"tagging"""": """"[EN:Can you help] [ID:aku] [EN:arrange transport] [ID:dari] [ID:Jeddah] [ID:ke] [ID:Madinah] [EN:tomorrow?]"""",   """"respon"""": """"Anda dapat memesan tiket kereta cepat atau bus melalui aplikasi resmi untuk perjalanan besok. Segera lakukan pemesanan guna memastikan ketersediaan jadwal dan kursi."""" } ```"|SUCCESS|39.84|data/evaluation_output/audio_results\2313_audio03.wav|||
2313_audio04.wav|audio04.txt|Explain step by step cara apply visa Saudi dengan benar|Explain step by step cara apply visa Saudi dengan benar|0.0|0.0|"```json {   """"perbaikan"""": """"Jelaskan langkah demi langkah cara mengajukan visa Arab Saudi dengan benar."""",   """"tagging"""": """"[EN:Explain step by step] [ID:cara] [EN:apply] [ID:visa Saudi dengan benar]"""",   """"respon"""": """"Pertama, kunjungi situs resmi atau aplikasi Nusuk untuk mengisi formulir pengajuan visa secara daring. Selanjutnya, unggah dokumen pendukung seperti paspor dan bukti kesehatan, lalu selesaikan pembayaran biaya visa yang ditentukan."""" } ```"|SUCCESS|32.82|data/evaluation_output/audio_results\2313_audio04.wav|||
2313_audio05.wav|audio05.txt|"Al-Uzbu Al-Kadim Hal bisa bantu Ajidah, Afdal, Skejul, Wahri Latan Mubashirah"|Ya akhi, uridu book flight ila Jeddah al-usbu'al qadim. Hal bisa bantu ajida afdhal schedule wa rihlatan mubashirah?|0.8333|0.4828|"```json {   """"perbaikan"""": """"Minggu depan, bisakah Anda membantu saya menemukan jadwal terbaik untuk penerbangan langsung?"""",   """"tagging"""": """"[AR:Al-Uzbu Al-Kadim] [AR:Hal bisa bantu] [AR:Ajidah, Afdal, Skejul, Wahri Latan] [AR:Mubashirah]"""",   """"respon"""": """"Anda dapat memeriksa jadwal penerbangan langsung melalui situs resmi maskapai atau agen perjalanan daring. Segera lakukan pemesanan agar Anda mendapatkan waktu keberangkatan yang paling sesuai."""" } ```"|SUCCESS|33.78|data/evaluation_output/audio_results\2313_audio05.wav|||
2313_audio06.wav|audio06.txt|uridu rej transport min jaddah ilah madinah gaddan|Urīdu arrange transport min Jeddah ilā Madinah ghadan|0.625|0.2264|"```json {   """"perbaikan"""": """"Saya ingin mengatur transportasi dari Jeddah ke Madinah besok."""",   """"tagging"""": """"[AR:uridu] [EN:rej transport] [AR:min] [ID:jaddah] [AR:ilah] [ID:madinah] [AR:gaddan]"""",   """"respon"""": """"Anda dapat memesan tiket kereta cepat atau layanan bus melalui aplikasi resmi untuk perjalanan besok. Segera lakukan pemesanan guna memastikan ketersediaan jadwal dan kursi."""" } ```"|SUCCESS|32.3|data/evaluation_output/audio_results\2313_audio06.wav|||
2313_audio07.wav|audio07.txt|book flight ke Jeddah lalu lanjut ke Madinah schedule terbaik kapan|Book flight ke Jeddah lalu lanjut ke Madinah, schedule terbaik kapan|0.0909|0.0147|"```json {   """"perbaikan"""": """"Bagaimana jadwal terbaik untuk memesan penerbangan ke Jeddah dan kemudian melanjutkan perjalanan ke Madinah?"""",   """"tagging"""": """"[EN:book flight] [ID:ke Jeddah lalu lanjut ke Madinah] [EN:schedule] [ID:terbaik kapan]"""",   """"respon"""": """"Jadwal terbaik sangat bergantung pada musim perjalanan dan ketersediaan tiket maskapai. Anda disarankan untuk memeriksa situs resmi maskapai guna mendapatkan informasi jadwal yang paling efisien."""" } ```"|SUCCESS|46.99|data/evaluation_output/audio_results\2313_audio07.wav|||
2313_audio12.wav|audio12.txt|Bagaimana proses visa Saudi untuk umroh dari Indonesia sekarang?|Bagaimana proses visa Saudi untuk umrah dari Indonesia sekarang|0.2222|0.0317|"```json {   """"perbaikan"""": """"Bagaimana proses pengajuan visa Arab Saudi untuk umrah dari Indonesia saat ini?"""",   """"tagging"""": """"[ID:Bagaimana proses visa Saudi untuk umroh dari Indonesia sekarang?]"""",   """"respon"""": """"Proses pengajuan visa umrah saat ini dapat dilakukan melalui biro perjalanan resmi atau secara daring melalui platform seperti Nusuk. Pastikan paspor Anda memiliki masa berlaku minimal enam bulan dan dokumen pendukung lainnya telah lengkap."""" } ```"|SUCCESS|32.38|data/evaluation_output/audio_results\2313_audio12.wav|||
2313_audio13.wav|audio13.txt|Jelaskan step by step cara booking flight ke Jeddah secara online.|Jelaskan step by step cara booking flight ke Jeddah secara online|0.0909|0.0154|"```json {   """"perbaikan"""": """"Jelaskan langkah demi langkah cara memesan tiket pesawat ke Jeddah secara daring."""",   """"tagging"""": """"[ID:Jelaskan] [EN:step by step] [ID:cara] [EN:booking flight] [ID:ke Jeddah secara online.]"""",   """"respon"""": """"Pertama, kunjungi situs resmi maskapai atau agen perjalanan daring dan pilih rute serta tanggal keberangkatan ke Jeddah. Selanjutnya, isi data penumpang dengan lengkap dan selesaikan pembayaran melalui metode yang tersedia."""" } ```"|SUCCESS|34.94|data/evaluation_output/audio_results\2313_audio13.wav|||
2313_audio14.wav|audio14.txt|How to prepare dokumen umroh dari Indonesia dengan benar?|How to prepare dokumen umrah dari Indonesia dengan benar|0.2222|0.0357|"```json {   """"perbaikan"""": """"Bagaimana cara menyiapkan dokumen umrah dari Indonesia dengan benar?"""",   """"tagging"""": """"[EN:How to prepare] [ID:dokumen umroh dari Indonesia dengan benar?]"""",   """"respon"""": """"Anda perlu menyiapkan paspor dengan masa berlaku minimal enam bulan, visa umrah, serta dokumen kesehatan yang diperlukan. Sangat disarankan untuk berkonsultasi dengan biro perjalanan resmi guna memastikan seluruh persyaratan administrasi telah terpenuhi."""" } ```"|SUCCESS|33.28|data/evaluation_output/audio_results\2313_audio14.wav|||
2318_audio01.wav|audio01.txt|Hai aku mau book fly ke Jeddah minggu depan bisa bantu schedule|Aku mau book flight ke Jeddah minggu depan, bisa bantu schedule?|0.3636|0.1562|"```json {   """"perbaikan"""": """"Halo, saya ingin memesan penerbangan ke Jeddah minggu depan, bisakah Anda membantu mengatur jadwalnya?"""",   """"tagging"""": """"[ID:Hai aku mau] [EN:book fly] [ID:ke Jeddah minggu depan bisa bantu] [EN:schedule]"""",   """"respon"""": """"Anda dapat memeriksa jadwal penerbangan melalui situs resmi maskapai atau agen perjalanan daring. Segera lakukan pemesanan agar Anda mendapatkan waktu dan harga yang paling sesuai."""" } ```"|SUCCESS|41.11|data/evaluation_output/audio_results\2318_audio01.wav|||
2318_audio02.wav|audio02.txt|aku butuh travel Umrah simple tapi include Madinah visit|Aku butuh travel umrah simple tapi include Madinah visit|0.0|0.0|"```json {   """"perbaikan"""": """"Saya membutuhkan paket perjalanan umrah yang praktis tetapi sudah termasuk kunjungan ke Madinah."""",   """"tagging"""": """"[ID:aku butuh travel Umrah simple tapi include Madinah visit]"""",   """"respon"""": """"Anda dapat mencari paket umrah praktis yang sudah mencakup kunjungan ke Madinah melalui agen perjalanan resmi. Pastikan Anda meninjau detail rencana perjalanan agar sesuai dengan keinginan Anda."""" } ```"|SUCCESS|31.43|data/evaluation_output/audio_results\2318_audio02.wav|||
2318_audio03.wav|audio03.txt|Can you help? Aku arrange transport dari Jeddah ke Madinah, Temuruh.|Can you help aku arrange transport dari Jeddah ke Madinah tomorrow|0.2727|0.1061|"```json {   """"perbaikan"""": """"Bisakah Anda membantu saya mengatur transportasi dari Jeddah ke Madinah besok?"""",   """"tagging"""": """"[EN:Can you help?] [ID:Aku] [EN:arrange transport] [ID:dari Jeddah ke Madinah,] [EN:Temuruh.]"""",   """"respon"""": """"Anda dapat memesan tiket kereta cepat atau layanan bus melalui aplikasi resmi untuk perjalanan besok. Segera lakukan pemesanan guna memastikan ketersediaan jadwal dan kursi."""" } ```"|SUCCESS|50.26|data/evaluation_output/audio_results\2318_audio03.wav|||
2318_audio04.wav|audio04.txt|Explain step by step cara apply Pisa Saudi dengan benar|Explain step by step cara apply visa Saudi dengan benar|0.1|0.0182|"```json {   """"perbaikan"""": """"Jelaskan langkah demi langkah cara mengajukan visa Arab Saudi dengan benar."""",   """"tagging"""": """"[EN:Explain step by step] [ID:cara] [EN:apply] [ID:Visa Saudi dengan benar]"""",   """"respon"""": """"Pertama, siapkan paspor dengan masa berlaku minimal enam bulan dan foto terbaru. Selanjutnya, ajukan permohonan melalui situs resmi atau aplikasi Nusuk, unggah dokumen yang diperlukan, dan selesaikan proses pembayaran visa secara daring."""" } ```"|SUCCESS|31.12|data/evaluation_output/audio_results\2318_audio04.wav|||
2318_audio05.wav|audio05.txt|Ya Ahi Uridu buflaik ila jedah al-usbu al-kalim hal bisa bantu ajidah afdal skedul warilfatan mubassirah|Ya akhi, uridu book flight ila Jeddah al-usbu'al qadim. Hal bisa bantu ajida afdhal schedule wa rihlatan mubashirah?|0.6667|0.2241|"```json {   """"perbaikan"""": """"Saudara, saya ingin memesan penerbangan ke Jeddah minggu depan. Bisakah Anda membantu saya menemukan jadwal terbaik untuk penerbangan langsung?"""",   """"tagging"""": """"[AR:Ya Ahi] [AR:Uridu] [EN:buflaik] [AR:ila] [ID:jedah] [AR:al-usbu al-kalim] [AR:hal] [ID:bisa bantu] [AR:ajidah afdal] [EN:skedul] [AR:warilfatan mubassirah]"""",   """"respon"""": """"Anda dapat memeriksa jadwal penerbangan langsung ke Jeddah melalui situs resmi maskapai atau agen perjalanan daring. Segera lakukan pemesanan agar Anda mendapatkan waktu keberangkatan yang paling sesuai dengan rencana Anda."""" } ```"|SUCCESS|35.37|data/evaluation_output/audio_results\2318_audio05.wav|||
2318_audio06.wav|audio06.txt|uridu arrange transport min jeddah illa madinah gadan|Urīdu arrange transport min Jeddah ilā Madinah ghadan|0.375|0.0755|"```json {   """"perbaikan"""": """"Saya ingin mengatur transportasi dari Jeddah ke Madinah besok."""",   """"tagging"""": """"[AR:uridu] [EN:arrange transport] [AR:min] [ID:jeddah] [AR:illa] [ID:madinah] [AR:gadan]"""",   """"respon"""": """"Anda dapat memesan tiket kereta cepat atau layanan bus melalui aplikasi resmi untuk perjalanan besok. Segera lakukan pemesanan guna memastikan ketersediaan jadwal dan kursi."""" } ```"|SUCCESS|31.95|data/evaluation_output/audio_results\2318_audio06.wav|||
2318_audio09.wav|audio09.txt|mungkin buktransport min makah ilah mandinah untuk besok|mumkin book transport min makkah ila madinah untuk besok?|0.7778|0.1579|"```json {   """"perbaikan"""": """"Mungkin saya ingin memesan transportasi dari Mekah ke Madinah untuk besok."""",   """"tagging"""": """"[ID:mungkin] [EN:buktransport] [AR:min] [ID:makah] [AR:ilah] [ID:mandinah] [ID:untuk besok]"""",   """"respon"""": """"Anda dapat memesan tiket bus atau kereta cepat untuk perjalanan dari Mekah ke Madinah besok. Segera lakukan pemesanan melalui aplikasi resmi guna memastikan ketersediaan jadwal."""" } ```"|SUCCESS|32.17|data/evaluation_output/audio_results\2318_audio09.wav|||
2318_audio10.wav|audio10.txt|Apa perbedaan umrah dan haji secara detail dalam Islam?|Apa perbedaan umrah dan hajj secara detail dalam Islam|0.2222|0.037|"```json {   """"perbaikan"""": """"Apa perbedaan antara umrah dan haji secara mendetail dalam ajaran Islam?"""",   """"tagging"""": """"[ID:Apa perbedaan umrah dan haji secara detail dalam Islam?]"""",   """"respon"""": """"Perbedaan utama terletak pada waktu dan rukunnya; haji wajib dilaksanakan pada bulan Zulhijah dengan rukun seperti wukuf di Arafah, sedangkan umrah dapat dilakukan kapan saja tanpa wukuf."""" } ```"|SUCCESS|32.11|data/evaluation_output/audio_results\2318_audio10.wav|||
2318_audio13.wav|audio13.txt|Hai jelaskan step-by-step cara booking flight ke jeda secara online|Jelaskan step by step cara booking flight ke Jeddah secara online|0.4545|0.1231|"```json {   """"perbaikan"""": """"Halo, jelaskan langkah demi langkah cara memesan tiket pesawat ke Jeddah secara daring."""",   """"tagging"""": """"[ID:Hai jelaskan] [EN:step-by-step] [ID:cara] [EN:booking flight] [ID:ke jeda secara online]"""",   """"respon"""": """"Pertama, buka situs resmi maskapai atau aplikasi agen perjalanan daring. Selanjutnya, pilih tujuan Jeddah, masukkan tanggal keberangkatan, pilih jadwal yang tersedia, lalu isi data penumpang dan selesaikan pembayaran."""" } ```"|SUCCESS|32.5|data/evaluation_output/audio_results\2318_audio13.wav|||
2318_audio19.wav|audio19.txt|Akhianan saya bingung mulai dari mana untuk umrah|ahyanan saya bingung mulai dari mana untuk umrah|0.125|0.0417|"```json {   """"perbaikan"""": """"Akhirnya saya bingung harus mulai dari mana untuk melaksanakan umrah."""",   """"tagging"""": """"[ID:Akhianan saya bingung mulai dari mana untuk umrah]"""",   """"respon"""": """"Anda dapat memulainya dengan menentukan anggaran serta memilih biro perjalanan umrah yang resmi dan terpercaya. Selanjutnya, pastikan dokumen penting seperti paspor dan visa sudah disiapkan dengan baik."""" } ```"|SUCCESS|31.1|data/evaluation_output/audio_results\2318_audio19.wav|||
2319_Audio1.wav|N/A|aku mau book fly ke jendah minggu depan bisa bantu schedule|N/A|1.0|1.0|"```json {   """"perbaikan"""": """"Saya ingin memesan penerbangan ke Jeddah minggu depan, bisakah Anda membantu mengatur jadwalnya?"""",   """"tagging"""": """"[ID:aku mau] [EN:book fly] [ID:ke jendah minggu depan bisa bantu] [EN:schedule]"""",   """"respon"""": """"Anda dapat memeriksa jadwal penerbangan melalui situs resmi maskapai atau agen perjalanan daring. Segera lakukan pemesanan untuk mendapatkan harga dan ketersediaan kursi terbaik."""" } ```"|SUCCESS|42.12|data/evaluation_output/audio_results\2319_Audio1.wav|||
2319_Audio10.wav|Audio10.txt|Apa perbedaan umrah dan hajj sejarah detail dalam Islam?|Apa perbedaan umrah dan hajj secara detail dalam Islam|0.2222|0.0556|"```json {   """"perbaikan"""": """"Apa perbedaan antara umrah dan haji serta bagaimana sejarah detail keduanya dalam Islam?"""",   """"tagging"""": """"[ID:Apa perbedaan umrah dan hajj sejarah detail dalam Islam?]"""",   """"respon"""": """"Haji adalah rukun Islam kelima yang dilakukan pada waktu tertentu, sedangkan umrah dapat dilakukan kapan saja. Secara sejarah, ibadah haji telah ditetapkan sejak zaman Nabi Ibrahim, sementara rincian tata cara umrah terus disempurnakan melalui sunah Nabi Muhammad SAW."""" } ```"|SUCCESS|31.88|data/evaluation_output/audio_results\2319_Audio10.wav|||
2319_Audio13.wav|Audio13.txt|Jelaskan step by step cara booking flight ke Jeddah secara online|Jelaskan step by step cara booking flight ke Jeddah secara online|0.0|0.0|"```json {   """"perbaikan"""": """"Jelaskan langkah demi langkah cara memesan tiket pesawat ke Jeddah secara daring."""",   """"tagging"""": """"[ID:Jelaskan] [EN:step by step] [ID:cara] [EN:booking flight] [ID:ke Jeddah secara online]"""",   """"respon"""": """"Pertama, kunjungi situs resmi maskapai atau agen perjalanan daring dan pilih tujuan Jeddah serta tanggal keberangkatan. Selanjutnya, pilih jadwal penerbangan, masukkan data penumpang, dan selesaikan proses pembayaran secara aman."""" } ```"|SUCCESS|31.95|data/evaluation_output/audio_results\2319_Audio13.wav|||
2319_Audio16.wav|Audio16.txt|Guide aku cara pilih hotel di Mekah dekat Haram dengan budget terbatas.|Guide aku cara pilih hotel di Makkah dekat Haram dengan budget terbatas|0.1667|0.0423|"```json {   """"perbaikan"""": """"Pandu saya cara memilih hotel di Mekah yang dekat dengan Masjidil Haram dengan anggaran terbatas."""",   """"tagging"""": """"[EN:Guide] [ID:aku cara pilih hotel di Mekah dekat Haram dengan budget terbatas.]"""",   """"respon"""": """"Anda dapat mencari hotel di area ring 2 atau 3 yang biasanya lebih terjangkau namun tetap memiliki akses transportasi mudah ke Masjidil Haram. Gunakan aplikasi pemesanan daring dan gunakan fitur filter harga untuk menemukan penawaran terbaik sesuai anggaran Anda."""" } ```"|SUCCESS|32.63|data/evaluation_output/audio_results\2319_Audio16.wav|||
2319_Audio19.wav|Audio19.txt|Ah yanan saya bingung mulai dari mana untuk umroh|ahyanan saya bingung mulai dari mana untuk umrah|0.375|0.0417|"```json {   """"perbaikan"""": """"Aduh, saya bingung harus mulai dari mana untuk melaksanakan umrah."""",   """"tagging"""": """"[ID:Ah yanan saya bingung mulai dari mana untuk umroh]"""",   """"respon"""": """"Anda dapat memulainya dengan menentukan anggaran dan memilih biro perjalanan umrah yang resmi. Selanjutnya, pastikan dokumen perjalanan seperti paspor dan visa sudah dipersiapkan dengan baik."""" } ```"|SUCCESS|31.69|data/evaluation_output/audio_results\2319_Audio19.wav|||
2319_Audio2.wav|N/A|Aku butuh travel umrah simple tapi include Madinah visit|N/A|1.0|1.0|"```json {   """"perbaikan"""": """"Saya membutuhkan paket perjalanan umrah yang praktis namun sudah termasuk kunjungan ke Madinah."""",   """"tagging"""": """"[ID:Aku butuh travel umrah simple tapi include Madinah visit]"""",   """"respon"""": """"Anda dapat mencari paket umrah praktis yang sudah mencakup kunjungan ke Madinah melalui agen perjalanan resmi. Pastikan untuk meninjau detail rencana perjalanan agar sesuai dengan kebutuhan Anda."""" } ```"|SUCCESS|31.97|data/evaluation_output/audio_results\2319_Audio2.wav|||
2319_Audio3.wav|N/A|Can you help aku arrange transport dari Jeddah ke Bandidah to-morrow?|N/A|1.0|1.0|"```json {   """"perbaikan"""": """"Bisakah Anda membantu saya mengatur transportasi dari Jeddah ke Madinah besok?"""",   """"tagging"""": """"[EN:Can you help] [ID:aku] [EN:arrange transport] [ID:dari Jeddah ke] [ID:Bandidah] [EN:to-morrow?]"""",   """"respon"""": """"Anda dapat memesan tiket kereta cepat atau layanan bus melalui aplikasi transportasi resmi untuk perjalanan besok. Segera lakukan pemesanan guna memastikan ketersediaan jadwal dan kursi."""" } ```"|SUCCESS|1988.25|data/evaluation_output/audio_results\2319_Audio3.wav|||
2319_Audio4.wav|N/A|Explain step by step cara apply visa Saudi dengan benar|N/A|1.0|1.0|"```json {   """"perbaikan"""": """"Jelaskan langkah demi langkah cara mengajukan visa Arab Saudi dengan benar."""",   """"tagging"""": """"[EN:Explain step by step] [ID:cara] [EN:apply] [ID:visa Saudi dengan benar]"""",   """"respon"""": """"Pertama, kunjungi situs resmi atau aplikasi Nusuk untuk mengisi formulir pengajuan visa secara daring. Selanjutnya, unggah dokumen pendukung seperti paspor dan bukti kesehatan, lalu selesaikan pembayaran biaya visa yang ditentukan."""" } ```"|SUCCESS|32.39|data/evaluation_output/audio_results\2319_Audio4.wav|||
2319_Audio5.wav|N/A|"Ya ahi uridu bukflay ila jadda al-usbu' al-qadim Hal bisa bantu adida afdha siadul warilata mubashirah?"|N/A|1.0|1.0|"```json {   """"perbaikan"""": """"Saudara, saya ingin memesan penerbangan ke Jeddah minggu depan. Bisakah Anda membantu saya menemukan jadwal terbaik untuk perjalanan langsung?"""",   """"tagging"""": """"[AR:Ya ahi] [AR:uridu] [EN:bukflay] [AR:ila jadda] [AR:al-usbu' al-qadim] [AR:Hal] [ID:bisa bantu] [AR:adida afdha] [EN:siadul] [AR:warihlata mubashirah]?"""",   """"respon"""": """"Anda dapat memeriksa jadwal penerbangan langsung ke Jeddah melalui situs resmi maskapai atau agen perjalanan daring. Segera lakukan pemesanan agar Anda mendapatkan waktu keberangkatan yang paling sesuai."""" } ```"|SUCCESS|36.13|data/evaluation_output/audio_results\2319_Audio5.wav|||
2319_Audio6.wav|N/A|Uri du arrange transport min jeddah ila Madinah Wadan|N/A|1.0|1.0|"```json {   """"perbaikan"""": """"Saya ingin mengatur transportasi dari Jeddah ke Madinah besok."""",   """"tagging"""": """"[AR:Uri du] [EN:arrange transport] [AR:min] [ID:jeddah] [AR:ila] [ID:Madinah] [AR:Wadan]"""",   """"respon"""": """"Anda dapat memesan tiket kereta cepat atau layanan bus melalui aplikasi resmi untuk perjalanan besok. Segera lakukan pemesanan guna memastikan ketersediaan jadwal dan kursi."""" } ```"|SUCCESS|32.73|data/evaluation_output/audio_results\2319_Audio6.wav|||
2323_audio01.wav|audio01.txt|Aku mau book flight ke jadah minggu depan, bisa bantu schedule.|Aku mau book flight ke Jeddah minggu depan, bisa bantu schedule?|0.1818|0.0469|"```json {   """"perbaikan"""": """"Saya ingin memesan tiket pesawat ke Jeddah minggu depan, bisakah Anda membantu mengatur jadwalnya?"""",   """"tagging"""": """"[ID:Aku mau] [EN:book flight] [ID:ke jadah minggu depan, bisa bantu] [EN:schedule.]"""",   """"respon"""": """"Anda dapat memeriksa jadwal penerbangan melalui situs resmi maskapai atau agen perjalanan daring. Segera lakukan pemesanan untuk mendapatkan harga dan ketersediaan kursi terbaik."""" } ```"|SUCCESS|42.38|data/evaluation_output/audio_results\2323_audio01.wav|||
2323_audio02.wav|audio02.txt|Aku butuh travel umrah, simple, tapi include Madinah Fisik.|Aku butuh travel umrah simple tapi include Madinah visit|0.3333|0.0893|"```json {   """"perbaikan"""": """"Saya membutuhkan paket perjalanan umrah yang praktis, tetapi sudah termasuk kunjungan ke Madinah secara langsung."""",   """"tagging"""": """"[ID:Aku butuh travel umrah, simple, tapi include Madinah] [EN:Fisik.]"""",   """"respon"""": """"Anda dapat mencari paket umrah praktis yang sudah mencakup kunjungan ke Madinah melalui agen perjalanan resmi. Pastikan untuk meninjau rincian rencana perjalanan agar sesuai dengan kebutuhan Anda."""" } ```"|SUCCESS|32.83|data/evaluation_output/audio_results\2323_audio02.wav|||
2323_audio03.wav|audio03.txt|Can you help aku arrange transport dari Jeddah ke Madinah tomorrow?|Can you help aku arrange transport dari Jeddah ke Madinah tomorrow|0.0909|0.0152|"```json {   """"perbaikan"""": """"Bisakah Anda membantu saya mengatur transportasi dari Jeddah ke Madinah besok?"""",   """"tagging"""": """"[EN:Can you help] [ID:aku] [EN:arrange transport] [ID:dari Jeddah ke Madinah] [EN:tomorrow?]"""",   """"respon"""": """"Anda dapat memesan tiket kereta cepat atau layanan bus melalui aplikasi resmi untuk perjalanan besok. Segera lakukan pemesanan guna memastikan ketersediaan jadwal dan kursi."""" } ```"|SUCCESS|47.48|data/evaluation_output/audio_results\2323_audio03.wav|||
2323_audio04.wav|audio04.txt|Explain step by step cara apply visa Saudi dengan benar.|Explain step by step cara apply visa Saudi dengan benar|0.1|0.0182|"```json {   """"perbaikan"""": """"Jelaskan langkah demi langkah cara mengajukan visa Arab Saudi dengan benar."""",   """"tagging"""": """"[EN:Explain step by step] [ID:cara] [EN:apply] [ID:visa Saudi dengan benar.]"""",   """"respon"""": """"Pertama, kunjungi situs resmi Nusuk untuk mengisi formulir pengajuan visa secara daring. Selanjutnya, unggah dokumen pendukung yang diperlukan dan selesaikan proses pembayaran biaya visa."""" } ```"|SUCCESS|48.65|data/evaluation_output/audio_results\2323_audio04.wav|||
2323_audio05.wav|audio05.txt|ya akhi uridu bookfly ila jaddah al usbu al qadhim hal bisa bantu ajida afdal skidul warih latan mubasirah|Ya akhi, uridu book flight ila Jeddah al-usbu'al qadim. Hal bisa bantu ajida afdhal schedule wa rihlatan mubashirah?|0.7222|0.1724|"```json {   """"perbaikan"""": """"Saudara, saya ingin memesan penerbangan ke Jeddah minggu depan. Bisakah Anda membantu saya menemukan jadwal terbaik untuk penerbangan langsung?"""",   """"tagging"""": """"[AR:ya akhi] [AR:uridu] [EN:bookfly] [AR:ila jaddah] [AR:al usbu al qadhim] [AR:hal] [ID:bisa bantu] [AR:ajida afdal] [EN:skidul] [AR:warih latan mubasirah]"""",   """"respon"""": """"Anda dapat memeriksa jadwal penerbangan langsung ke Jeddah melalui situs resmi maskapai atau agen perjalanan daring. Segera lakukan pemesanan agar Anda mendapatkan waktu keberangkatan yang paling sesuai dengan rencana Anda."""" } ```"|SUCCESS|35.84|data/evaluation_output/audio_results\2323_audio05.wav|||
2323_audio06.wav|audio06.txt|uridu arranged transport min jeddah ila madinah khoden|Urīdu arrange transport min Jeddah ilā Madinah ghadan|0.5|0.1132|"```json {   """"perbaikan"""": """"Saya ingin mengatur transportasi dari Jeddah ke Madinah besok."""",   """"tagging"""": """"[AR:uridu] [EN:arranged transport] [AR:min] [ID:jeddah] [AR:ila] [ID:madinah] [AR:khoden]"""",   """"respon"""": """"Anda dapat menggunakan layanan kereta cepat atau bus untuk perjalanan dari Jeddah ke Madinah besok. Disarankan untuk segera melakukan pemesanan melalui aplikasi resmi guna memastikan ketersediaan jadwal."""" } ```"|SUCCESS|46.06|data/evaluation_output/audio_results\2323_audio06.wav|||
2323_audio13.wav|audio13.txt|Jelaskan step by step cara booking flight ke Jeddah secara online.|Jelaskan step by step cara booking flight ke Jeddah secara online|0.0909|0.0154|"```json {   """"perbaikan"""": """"Jelaskan langkah demi langkah cara memesan tiket pesawat ke Jeddah secara daring."""",   """"tagging"""": """"[ID:Jelaskan] [EN:step by step] [ID:cara] [EN:booking flight] [ID:ke Jeddah secara online.]"""",   """"respon"""": """"Pertama, kunjungi situs resmi maskapai atau agen perjalanan daring dan pilih jadwal penerbangan ke Jeddah. Selanjutnya, masukkan data penumpang secara lengkap dan selesaikan pembayaran Anda secara daring."""" } ```"|SUCCESS|47.24|data/evaluation_output/audio_results\2323_audio13.wav|||
2323_audio14.wav|audio14.txt|How to prepare dokumen umrah dari Indonesia dengan benar|How to prepare dokumen umrah dari Indonesia dengan benar|0.0|0.0|"```json {   """"perbaikan"""": """"Bagaimana cara menyiapkan dokumen umrah dari Indonesia dengan benar?"""",   """"tagging"""": """"[EN:How to prepare] [ID:dokumen umrah dari Indonesia dengan benar]"""",   """"respon"""": """"Anda perlu menyiapkan paspor dengan masa berlaku minimal enam bulan, visa umrah, serta dokumen kesehatan yang diperlukan. Disarankan untuk berkonsultasi dengan biro perjalanan resmi guna memastikan seluruh persyaratan administrasi telah terpenuhi dengan benar."""" } ```"|SUCCESS|32.13|data/evaluation_output/audio_results\2323_audio14.wav|||
2323_audio15.wav|audio15.txt|Tolong buat checklist persiapan umrah termasuk barang wajib dibawa.|Tolong buat checklist persiapan umrah termasuk barang wajib dibawa|0.1111|0.0152|"```json {   """"perbaikan"""": """"Tolong buatkan daftar periksa persiapan umrah, termasuk barang-barang wajib yang harus dibawa."""",   """"tagging"""": """"[ID:Tolong buat checklist persiapan umrah termasuk barang wajib dibawa.]"""",   """"respon"""": """"Daftar periksa meliputi dokumen penting seperti paspor dan visa, perlengkapan ibadah, pakaian ihram, serta obat-obatan pribadi. Pastikan juga Anda membawa pakaian yang nyaman dan alat pengisi daya elektronik."""" } ```"|SUCCESS|33.64|data/evaluation_output/audio_results\2323_audio15.wav|||
2323_audio16.wav|audio16.txt|Guide aku cara pilih hotel di Makkah dekat haram dengan budget terbatas|Guide aku cara pilih hotel di Makkah dekat Haram dengan budget terbatas|0.0|0.0|"```json {   """"perbaikan"""": """"Pandu saya cara memilih hotel di Mekah yang dekat dengan Masjidil Haram dengan anggaran terbatas."""",   """"tagging"""": """"[EN:Guide] [ID:aku cara pilih hotel di Makkah dekat haram dengan budget terbatas]"""",   """"respon"""": """"Anda dapat mencari hotel di area pemukiman yang sedikit lebih jauh dari area utama, namun tetap memiliki akses transportasi umum yang mudah. Gunakan situs pemesanan daring dan atur filter harga terendah serta baca ulasan mengenai jarak tempuh menuju Masjidil Haram."""" } ```"|SUCCESS|33.49|data/evaluation_output/audio_results\2323_audio16.wav|||
2323_audio18.wav|audio18.txt|"I feel overwhelmed dengan persiapan omrah Ada tips sederhana"|I feel overwhelmed dengan persiapan umrah, ada tips sederhana?|0.2222|0.0484|"```json {   """"perbaikan"""": """"Saya merasa kewalahan dengan persiapan umrah, apakah ada tips sederhana?"""",   """"tagging"""": """"[EN:I feel overwhelmed] [ID:dengan persiapan omrah Ada tips sederhana]"""",   """"respon"""": """"Anda dapat mulai dengan membuat daftar perlengkapan dan dokumen penting secara bertahap. Selain itu, gunakan jasa biro perjalanan resmi agar persiapan Anda menjadi lebih terorganisir."""" } ```"|SUCCESS|32.58|data/evaluation_output/audio_results\2323_audio18.wav|||
2325_audio1.wav|audio01.txt|Aku mau book flight ke Jeddah minggu depan bisa bantu schedule|Aku mau book flight ke Jeddah minggu depan, bisa bantu schedule?|0.1818|0.0312|"```json {   """"perbaikan"""": """"Saya ingin memesan tiket pesawat ke Jeddah minggu depan, bisakah Anda membantu mengatur jadwalnya?"""",   """"tagging"""": """"[ID:Aku mau] [EN:book flight] [ID:ke Jeddah minggu depan bisa bantu] [EN:schedule]"""",   """"respon"""": """"Anda dapat memeriksa jadwal penerbangan melalui situs resmi maskapai atau agen perjalanan daring. Segera lakukan pemesanan untuk mendapatkan harga dan ketersediaan kursi terbaik."""" } ```"|SUCCESS|40.39|data/evaluation_output/audio_results\2325_audio1.wav|||
2325_audio10.wav|audio10.txt|I feel overwhelmed dengan persiapan umrah, ada tips sederhana|Apa perbedaan umrah dan hajj secara detail dalam Islam|1.0|0.8889|"```json {   """"perbaikan"""": """"Saya merasa kewalahan dengan persiapan umrah, apakah ada tips sederhana?"""",   """"tagging"""": """"[EN:I feel overwhelmed] [ID:dengan persiapan umrah, ada tips sederhana]"""",   """"respon"""": """"Anda dapat mulai dengan membuat daftar periksa dokumen dan perlengkapan secara bertahap. Selain itu, pastikan Anda menggunakan jasa biro perjalanan resmi agar seluruh persiapan menjadi lebih terorganisir."""" } ```"|SUCCESS|32.25|data/evaluation_output/audio_results\2325_audio10.wav|||
2325_audio2.wav|audio02.txt|Aku butuh travel, umrah simple tapi inklud madinah visit.|Aku butuh travel umrah simple tapi include Madinah visit|0.3333|0.0714|"```json {   """"perbaikan"""": """"Saya membutuhkan biro perjalanan umrah yang praktis, tetapi sudah termasuk kunjungan ke Madinah."""",   """"tagging"""": """"[ID:Aku butuh travel, umrah simple tapi] [EN:inklud] [ID:madinah] [EN:visit.]"""",   """"respon"""": """"Anda dapat mencari paket umrah praktis yang sudah menyertakan kunjungan ke Madinah melalui agen perjalanan resmi. Pastikan untuk meninjau rincian rencana perjalanan agar sesuai dengan kebutuhan Anda."""" } ```"|SUCCESS|33.17|data/evaluation_output/audio_results\2325_audio2.wav|||
2325_audio3.wav|audio03.txt|Can you help? Aku arrange transport dari Jeddah ke Marina Tomorrow.|Can you help aku arrange transport dari Jeddah ke Madinah tomorrow|0.2727|0.0606|"```json {   """"perbaikan"""": """"Bisakah Anda membantu saya mengatur transportasi dari Jeddah ke Madinah besok?"""",   """"tagging"""": """"[EN:Can you help?] [ID:Aku] [EN:arrange transport] [ID:dari Jeddah ke] [ID:Marina] [EN:Tomorrow.]"""",   """"respon"""": """"Anda dapat memesan tiket kereta cepat atau layanan bus melalui aplikasi resmi untuk perjalanan besok. Segera lakukan pemesanan guna memastikan ketersediaan jadwal dan kursi."""" } ```"|SUCCESS|33.14|data/evaluation_output/audio_results\2325_audio3.wav|||
2325_audio4.wav|audio04.txt|Explain step by step cara apply visa Saudi dengan benar.|Explain step by step cara apply visa Saudi dengan benar|0.1|0.0182|"```json {   """"perbaikan"""": """"Jelaskan langkah demi langkah cara mengajukan visa Arab Saudi dengan benar."""",   """"tagging"""": """"[EN:Explain step by step] [ID:cara] [EN:apply] [ID:visa Saudi dengan benar.]"""",   """"respon"""": """"Pertama, kunjungi situs resmi atau aplikasi pengajuan visa Arab Saudi untuk mengisi formulir secara daring. Kemudian, unggah dokumen yang diperlukan seperti paspor dan selesaikan pembayaran biaya visa tersebut."""" } ```"|SUCCESS|48.33|data/evaluation_output/audio_results\2325_audio4.wav|||
2325_audio5.wav|audio05.txt|Yaa akhi, uridu buk flak ila jiddaa al-usbu'a al-qadim, hal bisa bantu ajidda afdal skajul wa rekhletan mubashyrah?|Ya akhi, uridu book flight ila Jeddah al-usbu'al qadim. Hal bisa bantu ajida afdhal schedule wa rihlatan mubashirah?|0.6111|0.2069|"```json {   """"perbaikan"""": """"Saudara, saya ingin memesan penerbangan ke Jeddah minggu depan. Bisakah Anda membantu saya menemukan jadwal terbaik untuk penerbangan langsung?"""",   """"tagging"""": """"[AR:Yaa akhi], [AR:uridu] [EN:buk flak] [AR:ila jiddaa] [AR:al-usbu'a al-qadim], [AR:hal] [ID:bisa bantu] [AR:ajidda afdal] [EN:skajul] [AR:wa rekhletan mubashyrah]?"""",   """"respon"""": """"Anda dapat memeriksa jadwal penerbangan langsung ke Jeddah melalui situs resmi maskapai atau agen perjalanan daring. Segera lakukan pemesanan agar Anda mendapatkan waktu keberangkatan yang paling sesuai dengan rencana Anda."""" } ```"|SUCCESS|36.03|data/evaluation_output/audio_results\2325_audio5.wav|||
2325_audio6.wav|audio06.txt|Uri du orange transport menjedah ila Madinah Qadan.|Urīdu arrange transport min Jeddah ilā Madinah ghadan|0.875|0.2075|"```json {   """"perbaikan"""": """"Saya ingin mengatur transportasi dari Jeddah ke Madinah besok."""",   """"tagging"""": """"[AR:Uri du] [EN:orange] [EN:transport] [AR:menjedah] [AR:ila] [ID:Madinah] [AR:Qadan]"""",   """"respon"""": """"Anda dapat memesan tiket kereta cepat atau layanan bus melalui aplikasi resmi untuk perjalanan besok. Segera lakukan pemesanan guna memastikan ketersediaan jadwal dan kursi."""" } ```"|SUCCESS|32.56|data/evaluation_output/audio_results\2325_audio6.wav|||
2325_audio7.wav|audio07.txt|buk fly ke jeddah lalu lanjut ke madinah schedule terbaik kapan|Book flight ke Jeddah lalu lanjut ke Madinah, schedule terbaik kapan|0.2727|0.1029|"```json {   """"perbaikan"""": """"Bagaimana jadwal terbaik untuk memesan penerbangan ke Jeddah dan kemudian melanjutkan perjalanan ke Madinah?"""",   """"tagging"""": """"[EN:buk fly] [ID:ke jeddah lalu lanjut ke madinah] [EN:schedule] [ID:terbaik kapan]"""",   """"respon"""": """"Jadwal terbaik sangat bergantung pada musim perjalanan dan ketersediaan tiket maskapai. Anda disarankan untuk memeriksa situs resmi maskapai guna mendapatkan informasi waktu keberangkatan yang paling efisien."""" } ```"|SUCCESS|34.61|data/evaluation_output/audio_results\2325_audio7.wav|||
2325_audio8.wav|audio08.txt|Apa perbedaan umrah dan hajj secara detail dalam Islam?|uridu schedule trip min jeddah ila makkah bukra sabah|1.0|0.8302|"```json {   """"perbaikan"""": """"Apa perbedaan antara umrah dan haji secara mendetail dalam ajaran Islam?"""",   """"tagging"""": """"[ID:Apa perbedaan umrah dan hajj secara detail dalam Islam?]"""",   """"respon"""": """"Perbedaan utama terletak pada waktu pelaksanaan dan rukunnya, di mana haji hanya dilakukan pada bulan Zulhijah dan memiliki rukun wukuf di Arafah, sedangkan umrah dapat dilakukan kapan saja tanpa wukuf. Selain itu, haji hukumnya wajib bagi yang mampu, sementara umrah adalah ibadah sunah bagi sebagian besar ulama."""" } ```"|SUCCESS|34.56|data/evaluation_output/audio_results\2325_audio8.wav|||
2325_audio9.wav|audio09.txt|how to prepare dokumen umrah dari indonesia dengan benar|mumkin book transport min makkah ila madinah untuk besok?|1.0|0.7719|"```json {   """"perbaikan"""": """"Bagaimana cara menyiapkan dokumen umrah dari Indonesia dengan benar?"""",   """"tagging"""": """"[EN:how to prepare] [ID:dokumen umrah dari indonesia dengan benar]"""",   """"respon"""": """"Anda perlu menyiapkan paspor dengan masa berlaku minimal enam bulan, visa umrah, serta bukti vaksinasi yang diperlukan. Disarankan untuk berkonsultasi dengan biro perjalanan resmi guna memastikan seluruh persyaratan administrasi telah terpenuhi."""" } ```"|SUCCESS|32.49|data/evaluation_output/audio_results\2325_audio9.wav|||
2326_audio01.wav|audio01.txt|Aku mau book flight ke Jeddah minggu depan, bisa bantu schedule?|Aku mau book flight ke Jeddah minggu depan, bisa bantu schedule?|0.0|0.0|"```json {   """"perbaikan"""": """"Saya ingin memesan tiket pesawat ke Jeddah minggu depan, bisakah Anda membantu mengatur jadwalnya?"""",   """"tagging"""": """"[ID:Aku mau] [EN:book flight] [ID:ke Jeddah minggu depan, bisa bantu] [EN:schedule?]"""",   """"respon"""": """"Anda dapat memeriksa jadwal penerbangan melalui situs resmi maskapai atau agen perjalanan daring. Segera lakukan pemesanan agar Anda mendapatkan ketersediaan kursi dan harga yang paling sesuai."""" } ```"|SUCCESS|41.42|data/evaluation_output/audio_results\2326_audio01.wav|||
2326_audio02.wav|audio02.txt|aku butuh travel umrah simple tapi include madina visit|Aku butuh travel umrah simple tapi include Madinah visit|0.1111|0.0179|"```json {   """"perbaikan"""": """"Saya membutuhkan agen perjalanan umrah praktis yang sudah termasuk kunjungan ke Madinah."""",   """"tagging"""": """"[ID:aku butuh travel umrah simple tapi include] [ID:madina visit]"""",   """"respon"""": """"Anda dapat mencari paket umrah praktis yang sudah mencakup kunjungan ke Madinah melalui agen perjalanan resmi. Pastikan untuk memeriksa rincian rencana perjalanan agar sesuai dengan keinginan Anda."""" } ```"|SUCCESS|31.5|data/evaluation_output/audio_results\2326_audio02.wav|||
2326_audio03.wav|audio03.txt|can you help aku arrange transport dari jeddah ke madinah tomorrow|Can you help aku arrange transport dari Jeddah ke Madinah tomorrow|0.0|0.0|"```json {   """"perbaikan"""": """"Bisakah Anda membantu saya mengatur transportasi dari Jeddah ke Madinah besok?"""",   """"tagging"""": """"[EN:can you help] [ID:aku] [EN:arrange transport] [ID:dari jeddah ke madinah] [EN:tomorrow]"""",   """"respon"""": """"Anda dapat memesan tiket kereta cepat atau layanan bus melalui aplikasi resmi untuk perjalanan besok. Segera lakukan pemesanan guna memastikan ketersediaan jadwal dan kursi."""" } ```"|SUCCESS|43.04|data/evaluation_output/audio_results\2326_audio03.wav|||
2326_audio04.wav|audio04.txt|Explain step by step cara apply visa Saudi dengan benar|Explain step by step cara apply visa Saudi dengan benar|0.0|0.0|"```json {   """"perbaikan"""": """"Jelaskan langkah demi langkah cara mengajukan visa Arab Saudi dengan benar."""",   """"tagging"""": """"[EN:Explain step by step] [ID:cara] [EN:apply] [ID:visa Saudi dengan benar]"""",   """"respon"""": """"Pertama, kunjungi situs resmi atau aplikasi pengajuan visa Arab Saudi untuk mengisi formulir secara daring. Kemudian, unggah dokumen yang diperlukan seperti paspor dan selesaikan pembayaran biaya visa tersebut."""" } ```"|SUCCESS|37.43|data/evaluation_output/audio_results\2326_audio04.wav|||
2326_audio05.wav|audio05.txt|ya akhi uridu book flight ila jiddah al usbu al qadim hal bisa bantu ajidah afdal skidul warihlatan mubasyrah|Ya akhi, uridu book flight ila Jeddah al-usbu'al qadim. Hal bisa bantu ajida afdhal schedule wa rihlatan mubashirah?|0.6667|0.1293|"```json {   """"perbaikan"""": """"Saudara, saya ingin memesan penerbangan ke Jeddah minggu depan. Bisakah Anda membantu saya menemukan jadwal terbaik untuk penerbangan langsung?"""",   """"tagging"""": """"[AR:ya akhi] [AR:uridu] [EN:book flight] [AR:ila jiddah] [AR:al usbu al qadim] [AR:hal] [ID:bisa bantu] [AR:ajidah afdal] [EN:skidul] [AR:warihlatan mubasyrah]"""",   """"respon"""": """"Anda dapat memeriksa jadwal penerbangan langsung ke Jeddah melalui situs resmi maskapai atau agen perjalanan daring. Segera lakukan pemesanan agar Anda mendapatkan jadwal yang paling sesuai dengan rencana Anda."""" } ```"|SUCCESS|35.47|data/evaluation_output/audio_results\2326_audio05.wav|||
2326_audio06.wav|audio06.txt|uridu ren stangspot min jeddah ila madinah ghodan|Urīdu arrange transport min Jeddah ilā Madinah ghadan|0.625|0.2264|"```json {   """"perbaikan"""": """"Saya ingin mengatur transportasi dari Jeddah ke Madinah besok."""",   """"tagging"""": """"[AR:uridu] [EN:ren stangspot] [AR:min] [ID:jeddah] [AR:ila] [ID:madinah] [AR:ghodan]"""",   """"respon"""": """"Anda dapat memesan tiket kereta cepat atau layanan bus melalui aplikasi resmi untuk perjalanan besok. Segera lakukan pemesanan guna memastikan ketersediaan jadwal dan kursi."""" } ```"|SUCCESS|31.96|data/evaluation_output/audio_results\2326_audio06.wav|||
2326_audio07.wav|audio07.txt|book flight ke jeddah lalu lanjut ke madinah schedule terbaik kapan|Book flight ke Jeddah lalu lanjut ke Madinah, schedule terbaik kapan|0.0909|0.0147|"```json {   """"perbaikan"""": """"Bagaimana jadwal terbaik untuk memesan penerbangan ke Jeddah dan kemudian melanjutkan perjalanan ke Madinah?"""",   """"tagging"""": """"[EN:book flight] [ID:ke jeddah lalu lanjut ke madinah] [EN:schedule] [ID:terbaik kapan]"""",   """"respon"""": """"Jadwal terbaik sangat bergantung pada musim perjalanan dan ketersediaan tiket maskapai. Anda disarankan untuk memeriksa situs resmi maskapai guna mendapatkan informasi jadwal yang paling efisien."""" } ```"|SUCCESS|32.74|data/evaluation_output/audio_results\2326_audio07.wav|||
2326_audio11.wav|audio11.txt|kenapa fasting di romadhan itu wajib bagi muslim|kenapa fasting di ramadan itu wajib bagi muslim|0.125|0.0426|"```json {   """"perbaikan"""": """"Mengapa berpuasa di bulan Ramadan itu wajib bagi umat Muslim?"""",   """"tagging"""": """"[ID:kenapa fasting di romadhan itu wajib bagi muslim]"""",   """"respon"""": """"Puasa Ramadan adalah salah satu rukun Islam yang wajib dijalankan oleh setiap Muslim yang memenuhi syarat. Hal ini merupakan perintah langsung dari Allah SWT dalam Al-Qur'an untuk meningkatkan ketakwaan."""" } ```"|SUCCESS|31.88|data/evaluation_output/audio_results\2326_audio11.wav|||
2326_audio13.wav|audio13.txt|Jelaskan step by step cara booking flight kecedah secara online|Jelaskan step by step cara booking flight ke Jeddah secara online|0.1818|0.0462|"```json {   """"perbaikan"""": """"Jelaskan langkah demi langkah cara memesan tiket pesawat ke Jeddah secara daring."""",   """"tagging"""": """"[ID:Jelaskan] [EN:step by step] [ID:cara] [EN:booking flight] [ID:ke Jeddah secara online]"""",   """"respon"""": """"Pertama, kunjungi situs resmi maskapai atau agen perjalanan daring dan pilih jadwal penerbangan ke Jeddah. Selanjutnya, masukkan data penumpang dengan lengkap dan selesaikan proses pembayaran Anda."""" } ```"|SUCCESS|46.91|data/evaluation_output/audio_results\2326_audio13.wav|||
2326_audio17.wav|audio17.txt|menurut kamu belajar bahasa arab itu susah gak untuk pemula|Menurut kamu belajar bahasa Arab itu susah gak untuk pemula|0.0|0.0|"```json {   """"perbaikan"""": """"Menurut Anda, apakah belajar bahasa Arab itu sulit bagi pemula?"""",   """"tagging"""": """"[ID:menurut kamu belajar bahasa arab itu susah gak untuk pemula]"""",   """"respon"""": """"Tingkat kesulitan belajar bahasa Arab sangat bergantung pada metode dan konsistensi Anda. Bagi pemula, disarankan untuk memulai dengan mempelajari alfabet dan kosakata dasar secara rutin."""" } ```"|SUCCESS|30.82|data/evaluation_output/audio_results\2326_audio17.wav|||
2330_audio01.wav|audio01.txt|Aku mau book flight ke Jeddah minggu depan, bisa bantu schedule?|Aku mau book flight ke Jeddah minggu depan, bisa bantu schedule?|0.0|0.0|"```json {   """"perbaikan"""": """"Saya ingin memesan tiket pesawat ke Jeddah minggu depan, bisakah Anda membantu mengatur jadwalnya?"""",   """"tagging"""": """"[ID:Aku mau] [EN:book flight] [ID:ke Jeddah minggu depan, bisa bantu] [EN:schedule?]"""",   """"respon"""": """"Anda dapat memeriksa jadwal penerbangan melalui situs resmi maskapai atau agen perjalanan daring. Segera lakukan pemesanan untuk mendapatkan harga dan ketersediaan kursi terbaik."""" } ```"|SUCCESS|42.37|data/evaluation_output/audio_results\2330_audio01.wav|||
2330_audio02.wav|audio02.txt|aku butuh travel umroh simple tapi include madinah visit|Aku butuh travel umrah simple tapi include Madinah visit|0.1111|0.0179|"```json {   """"perbaikan"""": """"Saya membutuhkan paket perjalanan umrah yang praktis namun sudah termasuk kunjungan ke Madinah."""",   """"tagging"""": """"[ID:aku butuh travel umroh simple tapi include madinah visit]"""",   """"respon"""": """"Anda dapat mencari paket umrah praktis yang sudah mencakup kunjungan ke Madinah melalui agen perjalanan resmi. Pastikan untuk meninjau rincian rencana perjalanan agar sesuai dengan kebutuhan Anda."""" } ```"|SUCCESS|31.97|data/evaluation_output/audio_results\2330_audio02.wav|||
2330_audio03.wav|audio03.txt|can you help aku arrange transport dari Jeddah ke Madinah tomorrow|Can you help aku arrange transport dari Jeddah ke Madinah tomorrow|0.0|0.0|"```json {   """"perbaikan"""": """"Bisakah Anda membantu saya mengatur transportasi dari Jeddah ke Madinah besok?"""",   """"tagging"""": """"[EN:can you help] [ID:aku] [EN:arrange transport] [ID:dari Jeddah ke Madinah] [EN:tomorrow]"""",   """"respon"""": """"Anda dapat memesan tiket kereta cepat atau layanan bus melalui aplikasi resmi untuk perjalanan besok. Segera lakukan pemesanan guna memastikan ketersediaan jadwal dan kursi."""" } ```"|SUCCESS|41.12|data/evaluation_output/audio_results\2330_audio03.wav|||
2330_audio04.wav|audio04.txt|Explain step by step cara apply visa Saudi dengan benar|Explain step by step cara apply visa Saudi dengan benar|0.0|0.0|"```json {   """"perbaikan"""": """"Jelaskan langkah demi langkah cara mengajukan visa Arab Saudi dengan benar."""",   """"tagging"""": """"[EN:Explain step by step] [ID:cara] [EN:apply] [ID:visa Saudi dengan benar]"""",   """"respon"""": """"Pertama, kunjungi situs resmi atau aplikasi pengajuan visa Arab Saudi untuk mengisi formulir secara daring. Selanjutnya, unggah dokumen pendukung seperti paspor dan selesaikan pembayaran biaya visa yang ditentukan."""" } ```"|SUCCESS|31.99|data/evaluation_output/audio_results\2330_audio04.wav|||
2330_audio05.wav|audio05.txt|"Ya Ahi, Uridu, Bukvlaik, Ila Jeddah, Al-Usbu, Al-Qadim Hal bisa bantu Ajidah, Afdal, Skejul, Warilatan, Mubasyuroh"|Ya akhi, uridu book flight ila Jeddah al-usbu'al qadim. Hal bisa bantu ajida afdhal schedule wa rihlatan mubashirah?|0.7222|0.2586|"```json {   """"perbaikan"""": """"Saudara, saya ingin memesan penerbangan ke Jeddah minggu depan. Bisakah Anda membantu saya menemukan jadwal terbaik untuk penerbangan langsung?"""",   """"tagging"""": """"[AR:Ya Ahi], [AR:Uridu], [EN:Bukvlaik], [AR:Ila] [ID:Jeddah], [AR:Al-Usbu], [AR:Al-Qadim]. [AR:Hal] [ID:bisa bantu] [AR:Ajidah], [AR:Afdal], [EN:Skejul], [AR:Warilatan], [AR:Mubasyuroh]"""",   """"respon"""": """"Anda dapat memeriksa jadwal penerbangan langsung ke Jeddah melalui situs resmi maskapai atau agen perjalanan daring. Disarankan untuk segera melakukan pemesanan agar mendapatkan waktu keberangkatan yang paling sesuai."""" } ```"|SUCCESS|37.73|data/evaluation_output/audio_results\2330_audio05.wav|||
2330_audio06.wav|audio06.txt|Uridu arrange transport min Jeddah illa Madinah Gadan|Urīdu arrange transport min Jeddah ilā Madinah ghadan|0.375|0.0755|"```json {   """"perbaikan"""": """"Saya ingin mengatur transportasi dari Jeddah ke Madinah besok."""",   """"tagging"""": """"[AR:Uridu] [EN:arrange transport] [AR:min] [ID:Jeddah] [AR:illa] [ID:Madinah] [AR:Gadan]"""",   """"respon"""": """"Anda dapat memesan tiket kereta cepat atau bus melalui aplikasi resmi untuk perjalanan besok. Segera lakukan pemesanan guna memastikan ketersediaan jadwal dan kursi."""" } ```"|SUCCESS|32.02|data/evaluation_output/audio_results\2330_audio06.wav|||
2330_audio07.wav|audio07.txt|Buk flag ke jedah lalu lanjut ke Madinah, schedule terbaik kapan?|Book flight ke Jeddah lalu lanjut ke Madinah, schedule terbaik kapan|0.3636|0.1029|"```json {   """"perbaikan"""": """"Bagaimana cara memesan penerbangan ke Jeddah dan melanjutkan perjalanan ke Madinah, serta kapan jadwal terbaiknya?"""",   """"tagging"""": """"[EN:Buk flag] [ID:ke jedah lalu lanjut ke Madinah,] [EN:schedule] [ID:terbaik kapan?]"""",   """"respon"""": """"Jadwal terbaik sangat bergantung pada musim perjalanan dan ketersediaan tiket maskapai. Anda disarankan untuk memeriksa situs resmi maskapai guna mendapatkan informasi jadwal yang paling efisien."""" } ```"|SUCCESS|44.43|data/evaluation_output/audio_results\2330_audio07.wav|||
2330_audio12.wav|audio12.txt|Bagaimana proses visa Saudi untuk umroh dari Indonesia sekarang?|Bagaimana proses visa Saudi untuk umrah dari Indonesia sekarang|0.2222|0.0317|"```json {   """"perbaikan"""": """"Bagaimana proses visa Arab Saudi untuk umrah dari Indonesia saat ini?"""",   """"tagging"""": """"[ID:Bagaimana proses visa Saudi untuk umroh dari Indonesia sekarang?]"""",   """"respon"""": """"Saat ini, Anda dapat mengajukan visa umrah secara daring melalui platform resmi seperti Nusuk atau melalui agen perjalanan resmi. Pastikan paspor Anda memiliki masa berlaku minimal enam bulan dan siapkan dokumen pendukung lainnya sesuai ketentuan terbaru."""" } ```"|SUCCESS|33.76|data/evaluation_output/audio_results\2330_audio12.wav|||
2330_audio14.wav|audio14.txt|How to prepare dokumen umroh dari Indonesia dengan benar?|How to prepare dokumen umrah dari Indonesia dengan benar|0.2222|0.0357|"```json {   """"perbaikan"""": """"Bagaimana cara menyiapkan dokumen umrah dari Indonesia dengan benar?"""",   """"tagging"""": """"[EN:How to prepare] [ID:dokumen umroh dari Indonesia dengan benar?]"""",   """"respon"""": """"Anda perlu menyiapkan paspor dengan masa berlaku minimal enam bulan, visa umrah, serta dokumen kesehatan yang diperlukan. Pastikan seluruh persyaratan telah diverifikasi oleh biro perjalanan resmi Anda."""" } ```"|SUCCESS|45.99|data/evaluation_output/audio_results\2330_audio14.wav|||
2330_audio15.wav|audio15.txt|tolong buat checklist persiapan umroh termasuk barang wajib dibawa|Tolong buat checklist persiapan umrah termasuk barang wajib dibawa|0.1111|0.0152|"```json {   """"perbaikan"""": """"Tolong buatkan daftar periksa persiapan umrah, termasuk barang-barang wajib yang harus dibawa."""",   """"tagging"""": """"[ID:tolong buat checklist persiapan umroh termasuk barang wajib dibawa]"""",   """"respon"""": """"Daftar periksa Anda harus mencakup paspor, visa, dokumen kesehatan, pakaian ihram, dan obat-obatan pribadi. Selain itu, jangan lupa menyiapkan alat ibadah, perlengkapan mandi, serta charger ponsel."""" } ```"|SUCCESS|54.78|data/evaluation_output/audio_results\2330_audio15.wav|||
2330_audio17.wav|audio17.txt|Menurut kamu belajar bahasa Arab itu susah nggak untuk pemula?|Menurut kamu belajar bahasa Arab itu susah gak untuk pemula|0.2|0.0508|"```json {   """"perbaikan"""": """"Menurut Anda, apakah belajar bahasa Arab sulit bagi pemula?"""",   """"tagging"""": """"[ID:Menurut kamu belajar bahasa Arab itu susah nggak untuk pemula?]"""",   """"respon"""": """"Tingkat kesulitan belajar bahasa Arab sangat bergantung pada metode dan konsistensi belajar Anda. Bagi pemula, mempelajari kosakata dasar dan tata bahasa secara rutin akan sangat membantu proses pembelajaran."""" } ```"|SUCCESS|45.23|data/evaluation_output/audio_results\2330_audio17.wav|||
2331_audio01.wav|audio01.txt|Aku mau book flight ke jedah minggu depan, bisa bantu schedule.|Aku mau book flight ke Jeddah minggu depan, bisa bantu schedule?|0.1818|0.0312|"```json {   """"perbaikan"""": """"Saya ingin memesan penerbangan ke Jeddah minggu depan, bisakah Anda membantu mengatur jadwalnya?"""",   """"tagging"""": """"[ID:Aku mau] [EN:book flight] [ID:ke jedah minggu depan, bisa bantu] [EN:schedule.]"""",   """"respon"""": """"Anda dapat memeriksa jadwal penerbangan melalui situs resmi maskapai atau agen perjalanan daring. Segera lakukan pemesanan untuk mendapatkan ketersediaan kursi dan harga terbaik."""" } ```"|SUCCESS|56.89|data/evaluation_output/audio_results\2331_audio01.wav|||
2331_audio02.wav|audio02.txt|Aku butuh travel umrah simple, tapi include Madinah visit.|Aku butuh travel umrah simple tapi include Madinah visit|0.2222|0.0357|"```json {   """"perbaikan"""": """"Saya membutuhkan paket perjalanan umrah yang praktis, tetapi sudah termasuk kunjungan ke Madinah."""",   """"tagging"""": """"[ID:Aku butuh travel umrah simple, tapi include Madinah visit.]"""",   """"respon"""": """"Anda dapat mencari paket umrah praktis yang sudah mencakup kunjungan ke Madinah melalui agen perjalanan resmi. Pastikan Anda memeriksa rincian rencana perjalanan agar sesuai dengan kebutuhan Anda."""" } ```"|SUCCESS|44.4|data/evaluation_output/audio_results\2331_audio02.wav|||
2331_audio03.wav|audio03.txt|Can you help aku arrange transport dari Jeddah ke Madinah tomorrow?|Can you help aku arrange transport dari Jeddah ke Madinah tomorrow|0.0909|0.0152|"```json {   """"perbaikan"""": """"Bisakah Anda membantu saya mengatur transportasi dari Jeddah ke Madinah besok?"""",   """"tagging"""": """"[EN:Can you help] [ID:aku] [EN:arrange transport] [ID:dari Jeddah ke Madinah] [EN:tomorrow?]"""",   """"respon"""": """"Anda dapat memesan tiket kereta cepat atau layanan bus melalui aplikasi resmi untuk perjalanan besok. Segera lakukan pemesanan guna memastikan ketersediaan jadwal dan kursi."""" } ```"|SUCCESS|52.76|data/evaluation_output/audio_results\2331_audio03.wav|||
2331_audio04.wav|audio04.txt|Explain step by step cara apply visa Saudi dengan benar.|Explain step by step cara apply visa Saudi dengan benar|0.1|0.0182|"```json {   """"perbaikan"""": """"Jelaskan langkah demi langkah cara mengajukan visa Arab Saudi dengan benar."""",   """"tagging"""": """"[EN:Explain step by step] [ID:cara] [EN:apply] [ID:visa Saudi dengan benar.]"""",   """"respon"""": """"Pertama, kunjungi situs resmi atau aplikasi pengajuan visa Arab Saudi untuk mengisi formulir secara daring. Setelah itu, unggah dokumen yang diperlukan seperti paspor dan selesaikan pembayaran biaya visa tersebut."""" } ```"|SUCCESS|49.28|data/evaluation_output/audio_results\2331_audio04.wav|||
2331_audio05.wav|audio05.txt|"Ya Ahi, Uridul Book Flight Ilha Jeddah Al-Uzbu Al-Qadim. Hal bisa bantu Ajida Afdal Skajul Warilatan Mubasyirah?"|Ya akhi, uridu book flight ila Jeddah al-usbu'al qadim. Hal bisa bantu ajida afdhal schedule wa rihlatan mubashirah?|0.5556|0.1379|"```json {   """"perbaikan"""": """"Saudara, saya ingin memesan penerbangan ke Jeddah minggu depan. Bisakah Anda membantu saya menemukan jadwal terbaik untuk penerbangan langsung?"""",   """"tagging"""": """"[AR:Ya Ahi], [AR:Uridul] [EN:Book Flight] [AR:Ilha] [ID:Jeddah] [AR:Al-Uzbu Al-Qadim]. [AR:Hal] [ID:bisa bantu] [AR:Ajida Afdal] [EN:Skajul] [AR:Warilatan Mubasyirah]?"""",   """"respon"""": """"Anda dapat memeriksa jadwal penerbangan langsung ke Jeddah melalui situs resmi maskapai atau agen perjalanan daring. Segera lakukan pemesanan agar Anda mendapatkan waktu keberangkatan yang paling sesuai dengan rencana Anda."""" } ```"|SUCCESS|49.56|data/evaluation_output/audio_results\2331_audio05.wav|||
2331_audio06.wav|audio06.txt|Uridu range transport menzedah ila Madinah Gadan.|Urīdu arrange transport min Jeddah ilā Madinah ghadan|0.75|0.1887|"```json {   """"perbaikan"""": """"Saya ingin mengatur transportasi dari Jeddah ke Madinah besok."""",   """"tagging"""": """"[AR:Uridu] [EN:range transport] [AR:menzedah] [AR:ila] [ID:Madinah] [AR:Gadan]"""",   """"respon"""": """"Anda dapat memesan tiket kereta cepat atau layanan bus melalui aplikasi transportasi resmi untuk perjalanan besok. Segera lakukan pemesanan guna memastikan ketersediaan jadwal dan kursi."""" } ```"|SUCCESS|43.22|data/evaluation_output/audio_results\2331_audio06.wav|||
2331_audio10.wav|audio10.txt|Apa perbedaan umroh dan haji secara detail dalam Islam?|Apa perbedaan umrah dan hajj secara detail dalam Islam|0.3333|0.0556|"```json {   """"perbaikan"""": """"Apa perbedaan antara umrah dan haji secara mendalam dalam Islam?"""",   """"tagging"""": """"[ID:Apa perbedaan umroh dan haji secara detail dalam Islam?]"""",   """"respon"""": """"Perbedaan utama terletak pada waktu pelaksanaan dan rukunnya; haji wajib dilakukan pada bulan Zulhijah dengan rukun wukuf di Arafah, sedangkan umrah dapat dilakukan kapan saja tanpa wukuf. Selain itu, haji hukumnya wajib bagi yang mampu, sementara umrah merupakan sunah atau wajib tergantung mazhab yang diikuti."""" } ```"|SUCCESS|59.37|data/evaluation_output/audio_results\2331_audio10.wav|||
2331_audio12.wav|audio12.txt|Bagaimana proses visa Saudi untuk umrah dari Indonesia sekarang?|Bagaimana proses visa Saudi untuk umrah dari Indonesia sekarang|0.1111|0.0159|"```json {   """"perbaikan"""": """"Bagaimana proses visa Arab Saudi untuk umrah dari Indonesia saat ini?"""",   """"tagging"""": """"[ID:Bagaimana proses visa Saudi untuk umrah dari Indonesia sekarang?]"""",   """"respon"""": """"Saat ini, Anda dapat mengajukan visa umrah secara daring melalui platform resmi seperti Nusuk atau melalui biro perjalanan umrah yang terdaftar. Pastikan paspor Anda memiliki masa berlaku minimal enam bulan dan dokumen kesehatan yang diperlukan telah lengkap."""" } ```"|SUCCESS|47.68|data/evaluation_output/audio_results\2331_audio12.wav|||
2331_audio15.wav|audio15.txt|Tolong buat checklist persiapan umrah termasuk barang wajib dibawa.|Tolong buat checklist persiapan umrah termasuk barang wajib dibawa|0.1111|0.0152|"```json {   """"perbaikan"""": """"Tolong buatkan daftar periksa persiapan umrah, termasuk barang-barang wajib yang harus dibawa."""",   """"tagging"""": """"[ID:Tolong buat checklist persiapan umrah termasuk barang wajib dibawa.]"""",   """"respon"""": """"Daftar periksa umrah meliputi paspor, visa, dokumen kesehatan, pakaian ihram, serta obat-obatan pribadi. Jangan lupa juga membawa perlengkapan ibadah, alat mandi, dan pengisi daya ponsel."""" } ```"|SUCCESS|44.57|data/evaluation_output/audio_results\2331_audio15.wav|||
2331_audio17.wav|audio17.txt|Menurut kamu, belajar bahasa Arab itu susah gak untuk pemula?|Menurut kamu belajar bahasa Arab itu susah gak untuk pemula|0.2|0.0339|"```json {   """"perbaikan"""": """"Menurut Anda, apakah belajar bahasa Arab itu sulit bagi pemula?"""",   """"tagging"""": """"[ID:Menurut kamu, belajar bahasa Arab itu susah gak untuk pemula?]"""",   """"respon"""": """"Tingkat kesulitan belajar bahasa Arab sangat bergantung pada metode dan konsistensi belajar Anda. Bagi pemula, disarankan untuk mempelajari kosakata dasar dan pelafalan secara rutin guna mempermudah proses pembelajaran."""" } ```"|SUCCESS|43.9|data/evaluation_output/audio_results\2331_audio17.wav|||
2332_audio01.wav|audio01.txt|aku mau book flight ke jedah minggu depan bisa bantu schedule|Aku mau book flight ke Jeddah minggu depan, bisa bantu schedule?|0.2727|0.0469|"```json {   """"perbaikan"""": """"Saya ingin memesan penerbangan ke Jeddah minggu depan, bisakah Anda membantu mengatur jadwalnya?"""",   """"tagging"""": """"[ID:aku mau] [EN:book flight] [ID:ke jedah minggu depan bisa bantu] [EN:schedule]"""",   """"respon"""": """"Anda dapat memeriksa jadwal penerbangan melalui situs resmi maskapai atau agen perjalanan daring. Segera lakukan pemesanan untuk mendapatkan harga dan ketersediaan kursi terbaik."""" } ```"|SUCCESS|59.67|data/evaluation_output/audio_results\2332_audio01.wav|||
2332_audio02.wav|audio02.txt|aku butuh travel umrah simple tapi include madinah visit|Aku butuh travel umrah simple tapi include Madinah visit|0.0|0.0|"```json {   """"perbaikan"""": """"Saya membutuhkan paket umrah praktis yang sudah termasuk kunjungan ke Madinah."""",   """"tagging"""": """"[ID:aku butuh travel umrah simple tapi include madinah visit]"""",   """"respon"""": """"Anda dapat mencari paket umrah praktis yang sudah mencakup kunjungan ke Madinah melalui agen perjalanan resmi. Pastikan untuk memeriksa rincian rencana perjalanan agar sesuai dengan kebutuhan Anda."""" } ```"|SUCCESS|42.41|data/evaluation_output/audio_results\2332_audio02.wav|||
2332_audio03.wav|audio03.txt|can you help aku arrange transport dari jeddah ke madinah tomorrow|Can you help aku arrange transport dari Jeddah ke Madinah tomorrow|0.0|0.0|"```json {   """"perbaikan"""": """"Bisakah Anda membantu saya mengatur transportasi dari Jeddah ke Madinah besok?"""",   """"tagging"""": """"[EN:can you help] [ID:aku] [EN:arrange transport] [ID:dari jeddah ke madinah] [EN:tomorrow]"""",   """"respon"""": """"Anda dapat memesan tiket kereta cepat atau bus melalui aplikasi transportasi resmi untuk perjalanan besok. Segera lakukan pemesanan guna memastikan ketersediaan jadwal dan kursi."""" } ```"|SUCCESS|51.72|data/evaluation_output/audio_results\2332_audio03.wav|||
2332_audio04.wav|audio04.txt|Explain step by step cara apply visa Saudi dengan benar|Explain step by step cara apply visa Saudi dengan benar|0.0|0.0|"```json {   """"perbaikan"""": """"Jelaskan langkah demi langkah cara mengajukan visa Arab Saudi dengan benar."""",   """"tagging"""": """"[EN:Explain step by step] [ID:cara] [EN:apply] [ID:visa Saudi dengan benar]"""",   """"respon"""": """"Pertama, kunjungi situs resmi atau aplikasi pengajuan visa Arab Saudi untuk mengisi formulir secara daring. Selanjutnya, unggah dokumen yang diperlukan seperti paspor dan selesaikan pembayaran biaya visa tersebut."""" } ```"|SUCCESS|41.62|data/evaluation_output/audio_results\2332_audio04.wav|||
2332_audio05.wav|audio05.txt|Ya akhi, uridu book flight ila jedah al-usbu'al kadim hal bisa bantu ajda afdal skedul warih latan mubashirah.|Ya akhi, uridu book flight ila Jeddah al-usbu'al qadim. Hal bisa bantu ajida afdhal schedule wa rihlatan mubashirah?|0.4444|0.0948|"```json {   """"perbaikan"""": """"Saudara, saya ingin memesan penerbangan ke Jeddah minggu depan. Bisakah Anda membantu saya menemukan jadwal terbaik untuk penerbangan langsung?"""",   """"tagging"""": """"[AR:Ya akhi], [AR:uridu] [EN:book flight] [AR:ila jedah] [AR:al-usbu'al kadim] [AR:hal] [ID:bisa bantu] [AR:ajda afdal] [EN:skedul] [AR:warih latan mubashirah]"""",   """"respon"""": """"Anda dapat mencari jadwal penerbangan langsung ke Jeddah melalui situs resmi maskapai atau agen perjalanan daring. Segera lakukan pemesanan untuk mendapatkan waktu keberangkatan yang paling sesuai dengan rencana Anda."""" } ```"|SUCCESS|46.88|data/evaluation_output/audio_results\2332_audio05.wav|||
2332_audio06.wav|audio06.txt|Uridu arranged transport min Jeddah ila Madinah Gadan|Urīdu arrange transport min Jeddah ilā Madinah ghadan|0.5|0.0755|"```json {   """"perbaikan"""": """"Saya ingin mengatur transportasi dari Jeddah ke Madinah besok."""",   """"tagging"""": """"[AR:Uridu] [EN:arranged transport] [AR:min] [ID:Jeddah] [AR:ila] [ID:Madinah] [AR:Gadan]"""",   """"respon"""": """"Anda dapat memesan tiket kereta cepat atau layanan bus melalui aplikasi resmi untuk perjalanan besok. Segera lakukan pemesanan guna memastikan ketersediaan jadwal dan kursi."""" } ```"|SUCCESS|43.29|data/evaluation_output/audio_results\2332_audio06.wav|||
2332_audio07.wav|audio07.txt|book flight ke jeddah lalu lanjut ke madinah skedul terbaik kapan|Book flight ke Jeddah lalu lanjut ke Madinah, schedule terbaik kapan|0.1818|0.0588|"```json {   """"perbaikan"""": """"Bagaimana cara memesan penerbangan ke Jeddah dan kemudian melanjutkan perjalanan ke Madinah, serta kapan jadwal terbaiknya?"""",   """"tagging"""": """"[EN:book flight] [ID:ke jeddah lalu lanjut ke madinah] [EN:skedul] [ID:terbaik kapan]"""",   """"respon"""": """"Jadwal terbaik sangat bergantung pada ketersediaan tiket maskapai dan musim perjalanan Anda. Anda disarankan untuk memeriksa situs resmi maskapai guna mendapatkan informasi jadwal yang paling efisien."""" } ```"|SUCCESS|48.79|data/evaluation_output/audio_results\2332_audio07.wav|||
2332_audio13.wav|audio13.txt|Jelaskan step by step cara booking flight ke Jeddah secara online.|Jelaskan step by step cara booking flight ke Jeddah secara online|0.0909|0.0154|"```json {   """"perbaikan"""": """"Jelaskan langkah demi langkah cara memesan tiket pesawat ke Jeddah secara daring."""",   """"tagging"""": """"[ID:Jelaskan] [EN:step by step] [ID:cara] [EN:booking flight] [ID:ke Jeddah secara online.]"""",   """"respon"""": """"Pertama, kunjungi situs resmi maskapai atau agen perjalanan daring dan pilih jadwal penerbangan ke Jeddah. Selanjutnya, masukkan data penumpang secara lengkap dan selesaikan proses pembayaran Anda secara daring."""" } ```"|SUCCESS|36.43|data/evaluation_output/audio_results\2332_audio13.wav|||
2332_audio16.wav|audio16.txt|Guide aku cara pilih hotel di Makkah dekat haram dengan budget terbatas.|Guide aku cara pilih hotel di Makkah dekat Haram dengan budget terbatas|0.0833|0.0141|"```json {   """"perbaikan"""": """"Pandu saya cara memilih hotel di Mekkah yang dekat dengan Masjidil Haram dengan anggaran terbatas."""",   """"tagging"""": """"[EN:Guide aku] [ID:cara pilih hotel di Makkah dekat haram dengan budget terbatas.]"""",   """"respon"""": """"Anda dapat mencari hotel di area sekitar Masjidil Haram melalui aplikasi pemesanan dengan menggunakan fitur filter harga. Disarankan untuk memesan jauh-jauh hari dan mempertimbangkan penginapan yang menyediakan layanan antar-jemput gratis."""" } ```"|SUCCESS|46.03|data/evaluation_output/audio_results\2332_audio16.wav|||
2332_audio18.wav|audio18.txt|I feel overwhelmed dengan persiapan umrah ada tips sederhana|I feel overwhelmed dengan persiapan umrah, ada tips sederhana?|0.2222|0.0323|"```json {   """"perbaikan"""": """"Saya merasa kewalahan dengan persiapan umrah, apakah ada tips sederhana?"""",   """"tagging"""": """"[EN:I feel overwhelmed] [ID:dengan persiapan umrah ada tips sederhana]"""",   """"respon"""": """"Anda dapat mulai dengan membuat daftar periksa dokumen dan perlengkapan secara bertahap. Selain itu, gunakan jasa biro perjalanan resmi agar persiapan Anda menjadi lebih terorganisir."""" } ```"|SUCCESS|42.93|data/evaluation_output/audio_results\2332_audio18.wav|||
2333_audio01.wav|audio01.txt|Aku mau book fight ke jedah minggu depan. Bisa bantu schedule?|Aku mau book flight ke Jeddah minggu depan, bisa bantu schedule?|0.2727|0.0469|"```json {   """"perbaikan"""": """"Saya ingin memesan penerbangan ke Jeddah minggu depan. Bisakah Anda membantu mengatur jadwalnya?"""",   """"tagging"""": """"[ID:Aku mau] [EN:book fight] [ID:ke jedah minggu depan. Bisa bantu] [EN:schedule?]"""",   """"respon"""": """"Anda dapat memeriksa jadwal penerbangan melalui situs resmi maskapai atau agen perjalanan daring. Segera lakukan pemesanan untuk mendapatkan ketersediaan kursi dan harga terbaik."""" } ```"|SUCCESS|44.05|data/evaluation_output/audio_results\2333_audio01.wav|||
2333_audio02.wav|audio02.txt|Aku butuh travel umroh simple tapi input Madinah visit|Aku butuh travel umrah simple tapi include Madinah visit|0.2222|0.0893|"```json {   """"perbaikan"""": """"Saya membutuhkan paket perjalanan umrah yang praktis namun sudah termasuk kunjungan ke Madinah."""",   """"tagging"""": """"[ID:Aku butuh travel umroh simple tapi] [EN:input] [ID:Madinah visit]"""",   """"respon"""": """"Anda dapat mencari paket umrah praktis yang sudah mencakup kunjungan ke Madinah melalui agen perjalanan resmi. Pastikan untuk meninjau rincian rencana perjalanan agar sesuai dengan kebutuhan Anda."""" } ```"|SUCCESS|41.92|data/evaluation_output/audio_results\2333_audio02.wav|||
2333_audio03.wav|audio03.txt|Can you help aku arrange transport dari Jeddah ke Madinah to-morrow|Can you help aku arrange transport dari Jeddah ke Madinah tomorrow|0.0909|0.0152|"```json {   """"perbaikan"""": """"Bisakah Anda membantu saya mengatur transportasi dari Jeddah ke Madinah besok?"""",   """"tagging"""": """"[EN:Can you help] [ID:aku] [EN:arrange transport] [ID:dari Jeddah ke Madinah] [EN:to-morrow]"""",   """"respon"""": """"Anda dapat memesan tiket kereta cepat atau bus melalui aplikasi resmi untuk perjalanan besok. Segera lakukan pemesanan guna memastikan ketersediaan jadwal dan kursi."""" } ```"|SUCCESS|46.16|data/evaluation_output/audio_results\2333_audio03.wav|||
2333_audio04.wav|audio04.txt|Explain step by step cara apply visa Saudi dengan benar.|Explain step by step cara apply visa Saudi dengan benar|0.1|0.0182|"```json {   """"perbaikan"""": """"Jelaskan langkah demi langkah cara mengajukan visa Arab Saudi dengan benar."""",   """"tagging"""": """"[EN:Explain step by step] [ID:cara] [EN:apply] [ID:visa Saudi dengan benar.]"""",   """"respon"""": """"Pertama, kunjungi situs resmi atau aplikasi pengajuan visa Arab Saudi untuk mengisi formulir secara daring. Kemudian, unggah dokumen yang diperlukan seperti paspor dan selesaikan pembayaran biaya visa tersebut."""" } ```"|SUCCESS|43.7|data/evaluation_output/audio_results\2333_audio04.wav|||
2333_audio05.wav|audio05.txt|Ya akhi, uridu bukfaik ila jedah al-usbu' al-qadim. Hal bisa bantu ajidah afdal skadul warihlatan mubashirah.|Ya akhi, uridu book flight ila Jeddah al-usbu'al qadim. Hal bisa bantu ajida afdhal schedule wa rihlatan mubashirah?|0.6111|0.1552|"```json {   """"perbaikan"""": """"Saudara, saya ingin memesan penerbangan ke Jeddah minggu depan. Apakah Anda bisa membantu menemukan jadwal terbaik untuk penerbangan langsung?"""",   """"tagging"""": """"[AR:Ya akhi], [AR:uridu] [EN:bukfaik] [AR:ila jedah] [AR:al-usbu' al-qadim]. [AR:Hal] [ID:bisa bantu] [AR:ajidah afdal] [EN:skadul] [AR:warihlatan mubashirah]."""",   """"respon"""": """"Anda dapat memeriksa jadwal penerbangan langsung ke Jeddah melalui situs resmi maskapai atau agen perjalanan daring. Segera lakukan pemesanan agar Anda mendapatkan jadwal yang paling sesuai dengan rencana Anda."""" } ```"|SUCCESS|49.07|data/evaluation_output/audio_results\2333_audio05.wav|||
2333_audio06.wav|audio06.txt|Uridu arrange transport minjedah ila Madinah, Ghodan.|Urīdu arrange transport min Jeddah ilā Madinah ghadan|0.75|0.1321|"```json {   """"perbaikan"""": """"Saya ingin mengatur transportasi dari Jeddah ke Madinah besok."""",   """"tagging"""": """"[AR:Uridu] [EN:arrange transport] [AR:min] [ID:jedah] [AR:ila] [ID:Madinah,] [AR:Ghodan.]"""",   """"respon"""": """"Anda dapat memesan tiket kereta cepat atau layanan bus melalui aplikasi resmi untuk perjalanan besok. Segera lakukan pemesanan guna memastikan ketersediaan jadwal dan kursi."""" } ```"|SUCCESS|42.61|data/evaluation_output/audio_results\2333_audio06.wav|||
2333_audio07.wav|audio07.txt|"Book flight ke Jeddah, lalu lanjut ke Madinah.
 Schedule terbaik kapan?"|Book flight ke Jeddah lalu lanjut ke Madinah, schedule terbaik kapan|0.2727|0.0588|"```json {   """"perbaikan"""": """"Bagaimana cara memesan penerbangan ke Jeddah lalu melanjutkan perjalanan ke Madinah, dan kapan jadwal terbaiknya?"""",   """"tagging"""": """"[EN:Book flight] [ID:ke Jeddah, lalu lanjut ke Madinah.] [EN:Schedule] [ID:terbaik kapan?]"""",   """"respon"""": """"Jadwal terbaik sangat bergantung pada musim perjalanan dan ketersediaan tiket maskapai. Anda disarankan untuk memeriksa situs resmi maskapai guna mendapatkan informasi waktu keberangkatan yang paling efisien."""" } ```"|SUCCESS|61.36|data/evaluation_output/audio_results\2333_audio07.wav|||
2333_audio09.wav|audio09.txt|Mungkin buk transport min Makkah ila Madinah untuk besok|mumkin book transport min makkah ila madinah untuk besok?|0.3333|0.0877|"```json {   """"perbaikan"""": """"Mungkin saya ingin memesan transportasi dari Mekah ke Madinah untuk besok."""",   """"tagging"""": """"[ID:Mungkin] [EN:buk] [EN:transport] [AR:min] [ID:Makkah] [AR:ila] [ID:Madinah] [ID:untuk besok]"""",   """"respon"""": """"Anda dapat memesan tiket kereta cepat atau layanan bus melalui aplikasi resmi untuk perjalanan besok. Segera lakukan pemesanan guna memastikan ketersediaan jadwal dan kursi."""" } ```"|SUCCESS|49.8|data/evaluation_output/audio_results\2333_audio09.wav|||
2333_audio16.wav|audio16.txt|Guide aku cara pilih hotel di Mekah dekat Haram dengan bajet terbatas.|Guide aku cara pilih hotel di Makkah dekat Haram dengan budget terbatas|0.25|0.0845|"```json {   """"perbaikan"""": """"Pandu saya cara memilih hotel di Mekah yang dekat dengan Masjidil Haram dengan anggaran terbatas."""",   """"tagging"""": """"[EN:Guide aku] [ID:cara pilih hotel di Mekah dekat Haram dengan bajet terbatas.]"""",   """"respon"""": """"Anda dapat mencari penginapan di area seperti Aziziyah atau menyaring hasil pencarian pada aplikasi pemesanan hotel berdasarkan jarak dan harga terendah. Pastikan untuk membaca ulasan tamu guna memastikan kenyamanan meski dengan anggaran terbatas."""" } ```"|SUCCESS|44.8|data/evaluation_output/audio_results\2333_audio16.wav|||
2333_audio17.wav|audio17.txt|Menurut kamu belajar bahasa Arab itu susah nggak untuk pemula?|Menurut kamu belajar bahasa Arab itu susah gak untuk pemula|0.2|0.0508|"```json {   """"perbaikan"""": """"Menurut Anda, apakah belajar bahasa Arab sulit bagi pemula?"""",   """"tagging"""": """"[ID:Menurut kamu belajar bahasa Arab itu susah nggak untuk pemula?]"""",   """"respon"""": """"Tingkat kesulitan belajar bahasa Arab sangat bergantung pada metode dan konsistensi belajar Anda. Bagi pemula, mempelajari alfabet dan kosakata dasar secara rutin akan sangat membantu proses pembelajaran."""" } ```"|SUCCESS|70.18|data/evaluation_output/audio_results\2333_audio17.wav|||
2334_audio01.wav|audio01.txt|"Aku mau book flight ke jeddah minggu depan.
 Bisa bantu schedule?"|Aku mau book flight ke Jeddah minggu depan, bisa bantu schedule?|0.0909|0.0312|"```json {   """"perbaikan"""": """"Saya ingin memesan penerbangan ke Jeddah minggu depan. Bisakah Anda membantu mengatur jadwalnya?"""",   """"tagging"""": """"[ID:Aku mau] [EN:book flight] [ID:ke jeddah minggu depan. Bisa bantu] [EN:schedule?]"""",   """"respon"""": """"Anda dapat memeriksa jadwal penerbangan melalui situs resmi maskapai atau agen perjalanan daring untuk mendapatkan waktu yang diinginkan. Segera lakukan pemesanan guna mendapatkan harga dan ketersediaan kursi terbaik."""" } ```"|SUCCESS|54.81|data/evaluation_output/audio_results\2334_audio01.wav|||
2334_audio02.wav|audio02.txt|Aku butuh travel umroh simple tapi include Madinah visit.|Aku butuh travel umrah simple tapi include Madinah visit|0.2222|0.0357|"```json {   """"perbaikan"""": """"Saya membutuhkan paket perjalanan umrah yang praktis namun sudah mencakup kunjungan ke Madinah."""",   """"tagging"""": """"[ID:Aku butuh travel umroh simple tapi include] [EN:Madinah visit.]"""",   """"respon"""": """"Anda dapat mencari paket umrah praktis yang sudah mencakup kunjungan ke Madinah melalui agen perjalanan resmi. Pastikan Anda memeriksa rincian rencana perjalanan agar sesuai dengan kebutuhan Anda."""" } ```"|SUCCESS|44.87|data/evaluation_output/audio_results\2334_audio02.wav|||
2334_audio03.wav|audio03.txt|Can you help aku arrange transport dari Jeddah ke Madinah tomorrow?|Can you help aku arrange transport dari Jeddah ke Madinah tomorrow|0.0909|0.0152|"```json {   """"perbaikan"""": """"Bisakah Anda membantu saya mengatur transportasi dari Jeddah ke Madinah besok?"""",   """"tagging"""": """"[EN:Can you help] [ID:aku] [EN:arrange transport] [ID:dari Jeddah ke Madinah] [EN:tomorrow?]"""",   """"respon"""": """"Anda dapat memesan tiket kereta cepat atau layanan bus melalui aplikasi resmi untuk perjalanan besok. Segera lakukan pemesanan guna memastikan ketersediaan jadwal dan kursi."""" } ```"|SUCCESS|57.61|data/evaluation_output/audio_results\2334_audio03.wav|||
2334_audio04.wav|audio04.txt|Explain step by step cara apply visa Saudi dengan benar.|Explain step by step cara apply visa Saudi dengan benar|0.1|0.0182|"```json {   """"perbaikan"""": """"Jelaskan langkah demi langkah cara mengajukan visa Arab Saudi dengan benar."""",   """"tagging"""": """"[EN:Explain step by step] [ID:cara] [EN:apply] [ID:visa Saudi dengan benar.]"""",   """"respon"""": """"Pertama, kunjungi situs resmi atau aplikasi pengajuan visa Arab Saudi untuk mengisi formulir secara daring. Selanjutnya, unggah dokumen pendukung yang diperlukan dan selesaikan pembayaran biaya visa tersebut."""" } ```"|SUCCESS|86.19|data/evaluation_output/audio_results\2334_audio04.wav|||
2334_audio05.wav|audio05.txt|Ya ahli, uridu buk flaik ila jeddah al-usbu al-qadim hal bisa bantu ajidah afbal skejul warih latan mubashroh?|Ya akhi, uridu book flight ila Jeddah al-usbu'al qadim. Hal bisa bantu ajida afdhal schedule wa rihlatan mubashirah?|0.6111|0.1897|"```json {   """"perbaikan"""": """"Saudara, saya ingin memesan penerbangan ke Jeddah minggu depan. Bisakah Anda membantu saya menemukan jadwal terbaik untuk penerbangan langsung?"""",   """"tagging"""": """"[AR:Ya ahli], [AR:uridu] [EN:buk flaik] [AR:ila jeddah] [AR:al-usbu al-qadim] [AR:hal] [ID:bisa bantu] [AR:ajidah afbal] [EN:skejul] [AR:warih latan] [AR:mubashroh]?"""",   """"respon"""": """"Anda dapat memeriksa jadwal penerbangan langsung ke Jeddah melalui situs resmi maskapai atau agen perjalanan daring. Segera lakukan pemesanan agar Anda mendapatkan waktu keberangkatan yang paling sesuai dengan rencana Anda."""" } ```"|SUCCESS|48.27|data/evaluation_output/audio_results\2334_audio05.wav|||
2334_audio06.wav|audio06.txt|Uridu arrange transport Min Jeddah ila Madinah Ghodan|Urīdu arrange transport min Jeddah ilā Madinah ghadan|0.375|0.0566|"```json {   """"perbaikan"""": """"Saya ingin mengatur transportasi dari Jeddah ke Madinah besok."""",   """"tagging"""": """"[AR:Uridu] [EN:arrange transport] [AR:Min] [ID:Jeddah] [AR:ila] [ID:Madinah] [AR:Ghodan]"""",   """"respon"""": """"Anda dapat memesan tiket kereta cepat atau layanan bus melalui aplikasi resmi untuk perjalanan besok. Segera lakukan pemesanan guna memastikan ketersediaan jadwal dan kursi."""" } ```"|SUCCESS|86.92|data/evaluation_output/audio_results\2334_audio06.wav|||
2334_audio07.wav|audio07.txt|Book flight ke Jeddah lalu lanjut ke Madinah, schedule terbaik kapan?|Book flight ke Jeddah lalu lanjut ke Madinah, schedule terbaik kapan|0.0909|0.0147|"```json {   """"perbaikan"""": """"Bagaimana jadwal terbaik untuk memesan penerbangan ke Jeddah dan kemudian melanjutkan perjalanan ke Madinah?"""",   """"tagging"""": """"[EN:Book flight] [ID:ke Jeddah lalu lanjut ke Madinah,] [EN:schedule] [ID:terbaik kapan?]"""",   """"respon"""": """"Jadwal terbaik sangat bergantung pada musim perjalanan dan ketersediaan tiket maskapai. Anda disarankan untuk memeriksa situs resmi maskapai guna mendapatkan informasi waktu keberangkatan yang paling efisien."""" } ```"|SUCCESS|71.5|data/evaluation_output/audio_results\2334_audio07.wav|||
2334_audio08.wav|audio08.txt|Bagaimana proses visa Saudi untuk umroh dari Indonesia sekarang?|uridu schedule trip min jeddah ila makkah bukra sabah|1.0|0.9811|"```json {   """"perbaikan"""": """"Bagaimana proses pengajuan visa Arab Saudi untuk umrah dari Indonesia saat ini?"""",   """"tagging"""": """"[ID:Bagaimana proses visa Saudi untuk umroh dari Indonesia sekarang?]"""",   """"respon"""": """"Saat ini, Anda dapat mengajukan visa umrah melalui biro perjalanan resmi atau menggunakan visa turis elektronik jika memenuhi syarat. Pastikan Anda mengikuti prosedur resmi yang ditetapkan oleh pemerintah Arab Saudi untuk kelancaran perjalanan Anda."""" } ```"|SUCCESS|44.4|data/evaluation_output/audio_results\2334_audio08.wav|||
2334_audio09.wav|audio09.txt|How to prepare dokumen umroh dari Indonesia dengan benar?|mumkin book transport min makkah ila madinah untuk besok?|1.0|0.7719|"```json {   """"perbaikan"""": """"Bagaimana cara menyiapkan dokumen umrah dari Indonesia dengan benar?"""",   """"tagging"""": """"[EN:How to prepare] [ID:dokumen umroh dari Indonesia dengan benar?]"""",   """"respon"""": """"Anda perlu menyiapkan paspor dengan masa berlaku minimal enam bulan, visa umrah, serta dokumen kesehatan yang diperlukan. Disarankan untuk berkonsultasi dengan biro perjalanan resmi guna memastikan seluruh persyaratan terpenuhi."""" } ```"|SUCCESS|84.0|data/evaluation_output/audio_results\2334_audio09.wav|||
2334_audio10.wav|audio10.txt|Menurut kamu, belajar bahasa Arab itu susah nggak untuk pemula?|Apa perbedaan umrah dan hajj secara detail dalam Islam|1.1111|0.8704|"```json {   """"perbaikan"""": """"Menurut Anda, apakah belajar bahasa Arab sulit bagi pemula?"""",   """"tagging"""": """"[ID:Menurut kamu, belajar bahasa Arab itu susah nggak untuk pemula?]"""",   """"respon"""": """"Tingkat kesulitan belajar bahasa Arab sangat bergantung pada metode dan konsistensi Anda dalam belajar. Bagi pemula, mempelajari kosakata dasar dan pelafalan secara rutin akan sangat membantu proses pembelajaran."""" } ```"|SUCCESS|64.69|data/evaluation_output/audio_results\2334_audio10.wav|||
2335_audio01.wav|audio01.txt|Aku mau book flag ke Jeddah minggu depan, bisa bantu schedule?|Aku mau book flight ke Jeddah minggu depan, bisa bantu schedule?|0.0909|0.0469|"```json {   """"perbaikan"""": """"Saya ingin memesan tiket pesawat ke Jeddah minggu depan, bisakah Anda membantu mengatur jadwalnya?"""",   """"tagging"""": """"[ID:Aku mau] [EN:book flag] [ID:ke Jeddah minggu depan, bisa bantu] [EN:schedule?]"""",   """"respon"""": """"Anda dapat memeriksa jadwal penerbangan melalui situs resmi maskapai atau agen perjalanan daring. Segera lakukan pemesanan guna mendapatkan harga dan ketersediaan kursi yang sesuai dengan rencana Anda."""" } ```"|SUCCESS|59.66|data/evaluation_output/audio_results\2335_audio01.wav|||
2335_audio02.wav|audio02.txt|aku butuh travel umroh simple tapi include madinah visit|Aku butuh travel umrah simple tapi include Madinah visit|0.1111|0.0179|"```json {   """"perbaikan"""": """"Saya membutuhkan paket perjalanan umrah praktis yang sudah termasuk kunjungan ke Madinah."""",   """"tagging"""": """"[ID:aku butuh travel umroh simple tapi include madinah visit]"""",   """"respon"""": """"Anda dapat mencari paket umrah praktis yang sudah mencakup kunjungan ke Madinah melalui agen perjalanan resmi. Pastikan untuk memeriksa rincian jadwal perjalanan agar sesuai dengan keinginan Anda."""" } ```"|SUCCESS|46.4|data/evaluation_output/audio_results\2335_audio02.wav|||
2335_audio03.wav|audio03.txt|Can you help aku arrange transport dari Jeddah ke Madinah tomorrow?|Can you help aku arrange transport dari Jeddah ke Madinah tomorrow|0.0909|0.0152|"```json {   """"perbaikan"""": """"Bisakah Anda membantu saya mengatur transportasi dari Jeddah ke Madinah besok?"""",   """"tagging"""": """"[EN:Can you help] [ID:aku] [EN:arrange transport] [ID:dari Jeddah ke Madinah] [EN:tomorrow?]"""",   """"respon"""": """"Anda dapat memesan tiket kereta cepat atau layanan bus melalui aplikasi resmi untuk perjalanan besok. Segera lakukan pemesanan guna memastikan ketersediaan jadwal dan kursi."""" } ```"|SUCCESS|40.39|data/evaluation_output/audio_results\2335_audio03.wav|||
2335_audio04.wav|audio04.txt|Explain step by step cara apply visa Saudi dengan benar.|Explain step by step cara apply visa Saudi dengan benar|0.1|0.0182|"```json {   """"perbaikan"""": """"Jelaskan langkah demi langkah cara mengajukan visa Arab Saudi dengan benar."""",   """"tagging"""": """"[EN:Explain step by step] [ID:cara] [EN:apply] [ID:visa Saudi dengan benar.]"""",   """"respon"""": """"Pertama, kunjungi situs resmi atau aplikasi pengajuan visa Arab Saudi untuk mengisi formulir secara daring. Selanjutnya, unggah dokumen pendukung yang diperlukan dan selesaikan pembayaran biaya visa tersebut."""" } ```"|SUCCESS|83.62|data/evaluation_output/audio_results\2335_audio04.wav|||
2335_audio05.wav|audio05.txt|ya aqih uridu bukflay ilajit dah hal usbu'al qadeem hal bisa bantu ajidah afdal skedul warih latan mubashirah|Ya akhi, uridu book flight ila Jeddah al-usbu'al qadim. Hal bisa bantu ajida afdhal schedule wa rihlatan mubashirah?|0.7222|0.2328|"```json {   """"perbaikan"""": """"Saudara, saya ingin memesan penerbangan ke Jeddah minggu depan. Apakah Anda dapat membantu saya menemukan jadwal terbaik untuk penerbangan langsung?"""",   """"tagging"""": """"[AR:ya aqih] [AR:uridu] [EN:bukflay] [AR:ilajit dah] [AR:hal usbu'al qadeem] [AR:hal] [ID:bisa bantu] [AR:ajidah afdal] [EN:skedul] [AR:warih latan mubashirah]"""",   """"respon"""": """"Anda dapat memeriksa jadwal penerbangan langsung ke Jeddah melalui situs resmi maskapai atau agen perjalanan daring. Disarankan untuk segera melakukan pemesanan guna mendapatkan waktu keberangkatan yang paling sesuai."""" } ```"|SUCCESS|47.85|data/evaluation_output/audio_results\2335_audio05.wav|||
2335_audio06.wav|audio06.txt|Uridu arans transport minjadah ila Madinah Qodan.|Urīdu arrange transport min Jeddah ilā Madinah ghadan|0.75|0.2264|"```json {   """"perbaikan"""": """"Saya ingin mengatur transportasi dari Jeddah ke Madinah besok."""",   """"tagging"""": """"[AR:Uridu] [EN:arans transport] [AR:minjadah] [AR:ila] [ID:Madinah] [AR:Qodan]"""",   """"respon"""": """"Anda dapat menggunakan layanan kereta cepat atau bus untuk perjalanan dari Jeddah ke Madinah besok. Disarankan untuk segera melakukan pemesanan guna memastikan ketersediaan jadwal."""" } ```"|SUCCESS|40.61|data/evaluation_output/audio_results\2335_audio06.wav|||
2335_audio12.wav|audio12.txt|Bagaimana proses visa Saudi untuk umrah dari Indonesia sekarang?|Bagaimana proses visa Saudi untuk umrah dari Indonesia sekarang|0.1111|0.0159|"```json {   """"perbaikan"""": """"Bagaimana proses pengajuan visa Arab Saudi untuk umrah dari Indonesia saat ini?"""",   """"tagging"""": """"[ID:Bagaimana proses visa Saudi untuk umrah dari Indonesia sekarang?]"""",   """"respon"""": """"Saat ini, Anda dapat mengajukan visa umrah secara daring melalui platform resmi seperti Nusuk atau melalui biro perjalanan umrah yang terdaftar. Pastikan paspor Anda memiliki masa berlaku minimal enam bulan dan Anda telah melengkapi dokumen kesehatan yang diperlukan."""" } ```"|SUCCESS|82.78|data/evaluation_output/audio_results\2335_audio12.wav|||
2335_audio13.wav|audio13.txt|Jelaskan step by step cara booking flight ke Jeddah secara online|Jelaskan step by step cara booking flight ke Jeddah secara online|0.0|0.0|"```json {   """"perbaikan"""": """"Jelaskan langkah demi langkah cara memesan tiket pesawat ke Jeddah secara daring."""",   """"tagging"""": """"[ID:Jelaskan] [EN:step by step] [ID:cara] [EN:booking flight] [ID:ke Jeddah secara online]"""",   """"respon"""": """"Pertama, kunjungi situs resmi maskapai atau agen perjalanan daring dan pilih jadwal penerbangan ke Jeddah. Selanjutnya, masukkan data penumpang secara lengkap dan selesaikan proses pembayaran Anda."""" } ```"|SUCCESS|31.92|data/evaluation_output/audio_results\2335_audio13.wav|||
2335_audio14.wav|audio14.txt|How to prepare dokumen umrah dari Indonesia dengan benar?|How to prepare dokumen umrah dari Indonesia dengan benar|0.1111|0.0179|"```json {   """"perbaikan"""": """"Bagaimana cara menyiapkan dokumen umrah dari Indonesia dengan benar?"""",   """"tagging"""": """"[EN:How to prepare] [ID:dokumen umrah dari Indonesia dengan benar?]"""",   """"respon"""": """"Anda perlu menyiapkan paspor dengan masa berlaku minimal enam bulan, visa umrah, serta dokumen kesehatan yang diperlukan. Disarankan untuk berkonsultasi dengan biro perjalanan resmi guna memastikan seluruh persyaratan administrasi terpenuhi dengan benar."""" } ```"|SUCCESS|43.89|data/evaluation_output/audio_results\2335_audio14.wav|||
2335_audio15.wav|audio15.txt|Tolong buat checklist persiapan umrah termasuk barang wajib dibawa|Tolong buat checklist persiapan umrah termasuk barang wajib dibawa|0.0|0.0|"```json {   """"perbaikan"""": """"Tolong buatkan daftar periksa persiapan umrah, termasuk barang-barang wajib yang harus dibawa."""",   """"tagging"""": """"[ID:Tolong buat checklist persiapan umrah termasuk barang wajib dibawa]"""",   """"respon"""": """"Daftar periksa umrah meliputi paspor, visa, dokumen kesehatan, pakaian ihram, serta perlengkapan mandi dan obat-obatan pribadi. Pastikan juga Anda membawa uang tunai secukupnya dan alat komunikasi untuk memudahkan perjalanan."""" } ```"|SUCCESS|45.5|data/evaluation_output/audio_results\2335_audio15.wav|||
2335_audio17.wav|audio17.txt|menurut kamu belajar bahasa arab itu susah gak untuk pemula|Menurut kamu belajar bahasa Arab itu susah gak untuk pemula|0.0|0.0|"```json {   """"perbaikan"""": """"Menurut Anda, apakah belajar bahasa Arab sulit bagi pemula?"""",   """"tagging"""": """"[ID:menurut kamu belajar bahasa arab itu susah gak untuk pemula]"""",   """"respon"""": """"Tingkat kesulitan belajar bahasa Arab sangat bergantung pada metode dan konsistensi belajar Anda. Bagi pemula, mempelajari alfabet dan kosakata dasar secara rutin akan sangat membantu proses pembelajaran."""" } ```"|SUCCESS|44.61|data/evaluation_output/audio_results\2335_audio17.wav|||
2336_audio01.wav|audio01.txt|Aku mau book flight ke cerdah minggu depan bisa bantu schedule|Aku mau book flight ke Jeddah minggu depan, bisa bantu schedule?|0.2727|0.0625|"```json {   """"perbaikan"""": """"Saya ingin memesan penerbangan ke Jeddah minggu depan, bisakah Anda membantu mengatur jadwalnya?"""",   """"tagging"""": """"[ID:Aku mau] [EN:book flight] [ID:ke cerdah minggu depan bisa bantu] [EN:schedule]"""",   """"respon"""": """"Anda dapat memeriksa jadwal penerbangan melalui situs resmi maskapai atau agen perjalanan daring. Segera lakukan pemesanan untuk mendapatkan harga dan ketersediaan kursi terbaik."""" } ```"|SUCCESS|61.51|data/evaluation_output/audio_results\2336_audio01.wav|||
2336_audio02.wav|audio02.txt|aku butuh travel umroh simple tapi include madinah visit|Aku butuh travel umrah simple tapi include Madinah visit|0.1111|0.0179|"```json {   """"perbaikan"""": """"Saya membutuhkan biro perjalanan umrah yang praktis tetapi sudah termasuk kunjungan ke Madinah."""",   """"tagging"""": """"[ID:aku butuh travel umroh simple tapi include madinah visit]"""",   """"respon"""": """"Anda dapat mencari paket umrah praktis yang sudah mencakup kunjungan ke Madinah melalui biro perjalanan resmi. Pastikan untuk memeriksa rincian rencana perjalanan agar sesuai dengan kebutuhan Anda."""" } ```"|SUCCESS|32.3|data/evaluation_output/audio_results\2336_audio02.wav|||
2336_audio03.wav|audio03.txt|Can you help aku arrange transport dari Jeddah ke Madinah tomorrow|Can you help aku arrange transport dari Jeddah ke Madinah tomorrow|0.0|0.0|"```json {   """"perbaikan"""": """"Bisakah Anda membantu saya mengatur transportasi dari Jeddah ke Madinah besok?"""",   """"tagging"""": """"[EN:Can you help] [ID:aku] [EN:arrange transport] [ID:dari Jeddah ke Madinah] [EN:tomorrow]"""",   """"respon"""": """"Anda dapat memesan tiket kereta cepat atau layanan bus melalui aplikasi resmi untuk perjalanan besok. Segera lakukan pemesanan guna memastikan ketersediaan jadwal dan kursi."""" } ```"|SUCCESS|51.55|data/evaluation_output/audio_results\2336_audio03.wav|||
2336_audio04.wav|audio04.txt|Explain step by step cara apply visa Saudi dengan benar|Explain step by step cara apply visa Saudi dengan benar|0.0|0.0|"```json {   """"perbaikan"""": """"Jelaskan langkah demi langkah cara mengajukan visa Arab Saudi dengan benar."""",   """"tagging"""": """"[EN:Explain step by step] [ID:cara] [EN:apply] [ID:visa Saudi dengan benar]"""",   """"respon"""": """"Pertama, kunjungi situs resmi atau aplikasi pengajuan visa Arab Saudi untuk mengisi formulir secara daring. Kemudian, unggah dokumen yang diperlukan seperti paspor dan selesaikan pembayaran biaya visa tersebut."""" } ```"|SUCCESS|51.99|data/evaluation_output/audio_results\2336_audio04.wav|||
2336_audio05.wav|audio05.txt|ya akhi uridu book flight illa jiddah al usbu'al qadim hal bisa bantu ajidah afdal skejul warih latan mubashyrah|Ya akhi, uridu book flight ila Jeddah al-usbu'al qadim. Hal bisa bantu ajida afdhal schedule wa rihlatan mubashirah?|0.6667|0.1293|"```json {   """"perbaikan"""": """"Saudara, saya ingin memesan penerbangan ke Jeddah minggu depan. Bisakah Anda membantu saya menemukan jadwal terbaik untuk penerbangan langsung?"""",   """"tagging"""": """"[AR:ya akhi] [AR:uridu] [EN:book flight] [AR:illa jiddah] [AR:al usbu'al qadim] [AR:hal] [ID:bisa bantu] [AR:ajidah afdal] [EN:skejul] [AR:warih latan mubashyrah]"""",   """"respon"""": """"Anda dapat memeriksa jadwal penerbangan langsung ke Jeddah melalui situs resmi maskapai atau agen perjalanan daring. Segera lakukan pemesanan agar Anda mendapatkan jadwal yang paling sesuai dengan rencana Anda."""" } ```"|SUCCESS|36.71|data/evaluation_output/audio_results\2336_audio05.wav|||
2336_audio06.wav|audio06.txt|uridu range transport min jeddah ila madinah ghadan|Urīdu arrange transport min Jeddah ilā Madinah ghadan|0.375|0.0755|"```json {   """"perbaikan"""": """"Saya ingin mengatur transportasi dari Jeddah ke Madinah besok."""",   """"tagging"""": """"[AR:uridu] [EN:range transport] [AR:min] [ID:jeddah] [AR:ila] [ID:madinah] [AR:ghadan]"""",   """"respon"""": """"Anda dapat memesan tiket kereta cepat atau bus melalui aplikasi resmi untuk perjalanan besok. Segera lakukan pemesanan guna memastikan ketersediaan jadwal dan kursi."""" } ```"|SUCCESS|33.42|data/evaluation_output/audio_results\2336_audio06.wav|||
2336_audio07.wav|audio07.txt|Book flight ke Jeddah lalu lanjut ke Madinah schedule terbaik kapan|Book flight ke Jeddah lalu lanjut ke Madinah, schedule terbaik kapan|0.0909|0.0147|"```json {   """"perbaikan"""": """"Bagaimana jadwal terbaik untuk memesan penerbangan ke Jeddah dan melanjutkan perjalanan ke Madinah?"""",   """"tagging"""": """"[EN:Book flight] [ID:ke Jeddah lalu lanjut ke Madinah] [EN:schedule] [ID:terbaik kapan]"""",   """"respon"""": """"Jadwal terbaik sangat bergantung pada musim perjalanan dan ketersediaan tiket maskapai. Anda disarankan untuk memeriksa situs resmi maskapai guna mendapatkan informasi jadwal yang paling efisien."""" } ```"|SUCCESS|44.98|data/evaluation_output/audio_results\2336_audio07.wav|||
2336_audio10.wav|audio10.txt|Apa perbedaan umroh dan hajj secara detail dalam Islam?|Apa perbedaan umrah dan hajj secara detail dalam Islam|0.2222|0.037|"```json {   """"perbaikan"""": """"Apa perbedaan antara umrah dan haji secara mendalam dalam ajaran Islam?"""",   """"tagging"""": """"[ID:Apa perbedaan umroh dan hajj secara detail dalam Islam?]"""",   """"respon"""": """"Perbedaan utamanya adalah haji merupakan rukun Islam yang wajib dilaksanakan pada waktu tertentu, sedangkan umrah dapat dilakukan kapan saja. Selain itu, haji memiliki rangkaian ritual yang lebih panjang, termasuk wukuf di Arafah, yang tidak ada dalam ibadah umrah."""" } ```"|SUCCESS|33.47|data/evaluation_output/audio_results\2336_audio10.wav|||
2336_audio15.wav|audio15.txt|Tolong buat checklist persiapan umroh termasuk barang wajib dibawa|Tolong buat checklist persiapan umrah termasuk barang wajib dibawa|0.1111|0.0152|"```json {   """"perbaikan"""": """"Tolong buatkan daftar periksa persiapan umrah, termasuk barang-barang wajib yang harus dibawa."""",   """"tagging"""": """"[ID:Tolong buat checklist persiapan umroh termasuk barang wajib dibawa]"""",   """"respon"""": """"Daftar periksa umrah meliputi dokumen penting seperti paspor dan visa, perlengkapan ibadah, serta pakaian ihram. Jangan lupa membawa obat-obatan pribadi, alat mandi, dan charger ponsel untuk kenyamanan Anda."""" } ```"|SUCCESS|33.18|data/evaluation_output/audio_results\2336_audio15.wav|||
2336_audio17.wav|audio17.txt|Menurut kamu belajar bahasa Arab itu susah nggak untuk pemula|Menurut kamu belajar bahasa Arab itu susah gak untuk pemula|0.1|0.0339|"```json {   """"perbaikan"""": """"Menurut Anda, apakah belajar bahasa Arab sulit bagi pemula?"""",   """"tagging"""": """"[ID:Menurut kamu belajar bahasa Arab itu susah nggak untuk pemula]"""",   """"respon"""": """"Tingkat kesulitan belajar bahasa Arab sangat bergantung pada metode dan konsistensi belajar Anda. Bagi pemula, mempelajari kosakata dasar dan pelafalan secara rutin akan sangat membantu proses pembelajaran."""" } ```"|SUCCESS|39.57|data/evaluation_output/audio_results\2336_audio17.wav|||
2337_audio01.wav|audio01.txt|Aku mau book flight ke Jeddah minggu depan, bisa bantu schedule|Aku mau book flight ke Jeddah minggu depan, bisa bantu schedule?|0.0909|0.0156|"```json {   """"perbaikan"""": """"Saya ingin memesan tiket pesawat ke Jeddah minggu depan, bisakah Anda membantu mengatur jadwalnya?"""",   """"tagging"""": """"[ID:Aku mau] [EN:book flight] [ID:ke Jeddah minggu depan, bisa bantu] [EN:schedule]"""",   """"respon"""": """"Anda dapat memeriksa jadwal penerbangan melalui situs resmi maskapai atau agen perjalanan daring. Segera lakukan pemesanan untuk mendapatkan harga dan ketersediaan kursi terbaik."""" } ```"|SUCCESS|42.83|data/evaluation_output/audio_results\2337_audio01.wav|||
2337_audio02.wav|audio02.txt|Aku butuh travel umroh simple tapi include Madinah visit.|Aku butuh travel umrah simple tapi include Madinah visit|0.2222|0.0357|"```json {   """"perbaikan"""": """"Saya membutuhkan paket umrah praktis yang sudah termasuk kunjungan ke Madinah."""",   """"tagging"""": """"[ID:Aku butuh travel umroh simple tapi include Madinah visit.]"""",   """"respon"""": """"Anda dapat mencari paket umrah praktis yang sudah mencakup kunjungan ke Madinah melalui agen perjalanan resmi. Pastikan untuk memeriksa rincian rencana perjalanan agar sesuai dengan kebutuhan Anda."""" } ```"|SUCCESS|32.79|data/evaluation_output/audio_results\2337_audio02.wav|||
2337_audio03.wav|audio03.txt|Can you help aku arrange transport dari Jeddah ke Madinah tomorrow?|Can you help aku arrange transport dari Jeddah ke Madinah tomorrow|0.0909|0.0152|"```json {   """"perbaikan"""": """"Bisakah Anda membantu saya mengatur transportasi dari Jeddah ke Madinah besok?"""",   """"tagging"""": """"[EN:Can you help] [ID:aku] [EN:arrange transport] [ID:dari Jeddah ke Madinah] [EN:tomorrow?]"""",   """"respon"""": """"Anda dapat memesan tiket kereta cepat atau layanan bus melalui aplikasi resmi untuk perjalanan besok. Segera lakukan pemesanan guna memastikan ketersediaan jadwal dan kursi."""" } ```"|SUCCESS|64.72|data/evaluation_output/audio_results\2337_audio03.wav|||
2337_audio04.wav|audio04.txt|Explain step by step cara apply visa Saudi dengan benar.|Explain step by step cara apply visa Saudi dengan benar|0.1|0.0182|"```json {   """"perbaikan"""": """"Jelaskan langkah demi langkah cara mengajukan visa Arab Saudi dengan benar."""",   """"tagging"""": """"[EN:Explain step by step] [ID:cara] [EN:apply] [ID:visa Saudi dengan benar.]"""",   """"respon"""": """"Pertama, kunjungi situs resmi atau aplikasi pengajuan visa Arab Saudi untuk mengisi formulir secara daring. Selanjutnya, unggah dokumen yang diperlukan seperti paspor dan selesaikan pembayaran biaya visa tersebut."""" } ```"|SUCCESS|57.01|data/evaluation_output/audio_results\2337_audio04.wav|||
2337_audio05.wav|audio05.txt|Ya Akhi, Uridu, Bukflaik, Ila Jeddah Al-Usbu Al-Qadim, Hal Bisa Bantu, Ajida Afdal, Schedule Warihlatan Mubashirah.|Ya akhi, uridu book flight ila Jeddah al-usbu'al qadim. Hal bisa bantu ajida afdhal schedule wa rihlatan mubashirah?|0.5556|0.1379|"```json {   """"perbaikan"""": """"Saudara, saya ingin memesan penerbangan ke Jeddah minggu depan. Bisakah Anda membantu saya menemukan jadwal terbaik untuk penerbangan langsung?"""",   """"tagging"""": """"[AR:Ya Akhi], [AR:Uridu], [EN:Bukflaik], [AR:Ila Jeddah Al-Usbu Al-Qadim], [AR:Hal Bisa Bantu], [AR:Ajida Afdal], [EN:Schedule] [AR:Warihlatan Mubashirah]."""",   """"respon"""": """"Anda dapat memeriksa jadwal penerbangan langsung ke Jeddah melalui situs resmi maskapai atau agen perjalanan daring. Segera lakukan pemesanan agar Anda mendapatkan waktu keberangkatan yang paling sesuai dengan rencana Anda."""" } ```"|SUCCESS|42.76|data/evaluation_output/audio_results\2337_audio05.wav|||
2337_audio06.wav|audio06.txt|Uridu Arrange Transport Min Jeddah Ila Madinah Wadan|Urīdu arrange transport min Jeddah ilā Madinah ghadan|0.375|0.0755|"```json {   """"perbaikan"""": """"Saya ingin mengatur transportasi dari Jeddah ke Madinah besok."""",   """"tagging"""": """"[AR:Uridu] [EN:Arrange Transport] [AR:Min] [ID:Jeddah] [AR:Ila] [ID:Madinah] [AR:Wadan]"""",   """"respon"""": """"Anda dapat memesan tiket kereta cepat atau layanan bus melalui aplikasi resmi untuk perjalanan besok. Segera lakukan pemesanan guna memastikan ketersediaan jadwal dan kursi."""" } ```"|SUCCESS|103.49|data/evaluation_output/audio_results\2337_audio06.wav|||
2337_audio07.wav|audio07.txt|Book flight ke Jeddah lalu lanjut ke Madinah, schedule terbaik kapan?|Book flight ke Jeddah lalu lanjut ke Madinah, schedule terbaik kapan|0.0909|0.0147|"```json {   """"perbaikan"""": """"Bagaimana cara memesan penerbangan ke Jeddah dan kemudian melanjutkan perjalanan ke Madinah, serta kapan jadwal terbaiknya?"""",   """"tagging"""": """"[EN:Book flight] [ID:ke Jeddah lalu lanjut ke Madinah,] [EN:schedule] [ID:terbaik kapan?]"""",   """"respon"""": """"Jadwal terbaik sangat bergantung pada musim perjalanan dan ketersediaan tiket maskapai. Anda disarankan untuk memeriksa situs resmi maskapai guna mendapatkan informasi waktu keberangkatan yang paling efisien."""" } ```"|SUCCESS|44.48|data/evaluation_output/audio_results\2337_audio07.wav|||
2337_audio13.wav|audio13.txt|Jelaskan step by step cara booking flight ke Jeddah secara online.|Jelaskan step by step cara booking flight ke Jeddah secara online|0.0909|0.0154|"```json {   """"perbaikan"""": """"Jelaskan langkah demi langkah cara memesan tiket pesawat ke Jeddah secara daring."""",   """"tagging"""": """"[ID:Jelaskan] [EN:step by step] [ID:cara] [EN:booking flight] [ID:ke Jeddah secara online.]"""",   """"respon"""": """"Pertama, kunjungi situs resmi maskapai atau agen perjalanan daring dan pilih jadwal penerbangan ke Jeddah. Selanjutnya, masukkan data penumpang secara lengkap dan selesaikan proses pembayaran Anda secara aman."""" } ```"|SUCCESS|37.24|data/evaluation_output/audio_results\2337_audio13.wav|||
2337_audio14.wav|audio14.txt|How to prepare dokumen umroh dari Indonesia dengan benar|How to prepare dokumen umrah dari Indonesia dengan benar|0.1111|0.0179|"```json {   """"perbaikan"""": """"Bagaimana cara menyiapkan dokumen umrah dari Indonesia dengan benar?"""",   """"tagging"""": """"[EN:How to prepare] [ID:dokumen umroh dari Indonesia dengan benar]"""",   """"respon"""": """"Anda perlu menyiapkan paspor dengan masa berlaku minimal enam bulan, visa umrah, serta dokumen kesehatan yang diperlukan. Sangat disarankan untuk berkonsultasi dengan biro perjalanan resmi agar seluruh administrasi Anda terpenuhi dengan benar."""" } ```"|SUCCESS|42.62|data/evaluation_output/audio_results\2337_audio14.wav|||
2337_audio18.wav|audio18.txt|I feel overwhelmed dengan persiapan umroh. Ada tips sederhana?|I feel overwhelmed dengan persiapan umrah, ada tips sederhana?|0.1111|0.0323|"```json {   """"perbaikan"""": """"Saya merasa kewalahan dengan persiapan umrah. Apakah ada tips sederhana?"""",   """"tagging"""": """"[EN:I feel overwhelmed] [ID:dengan persiapan umroh. Ada tips sederhana?]"""",   """"respon"""": """"Anda dapat mulai dengan membuat daftar periksa dokumen dan perlengkapan secara bertahap. Selain itu, gunakan jasa biro perjalanan resmi agar persiapan Anda menjadi lebih terorganisir."""" } ```"|SUCCESS|86.61|data/evaluation_output/audio_results\2337_audio18.wav|||
2338_audio01.wav|audio01.txt|[ERROR] Transcription file not found|Aku mau book flight ke Jeddah minggu depan, bisa bantu schedule?|1.0|0.8125|"```json {   """"perbaikan"""": """"Berkas transkripsi tidak ditemukan."""",   """"tagging"""": """"[EN:Transcription file not found]"""",   """"respon"""": """"Mohon maaf, terjadi kendala karena berkas transkripsi tidak ditemukan. Silakan coba unggah kembali berkas Anda."""" } ```"|SUCCESS|34.11|data/evaluation_output/audio_results\2338_audio01.wav|||
2338_audio02.wav|audio02.txt|[ERROR] Transcription file not found|Aku butuh travel umrah simple tapi include Madinah visit|1.0|0.75|"```json {   """"perbaikan"""": """"Berkas transkripsi tidak ditemukan."""",   """"tagging"""": """"[EN:Transcription file not found]"""",   """"respon"""": """"Mohon maaf, berkas transkripsi tidak ditemukan. Silakan coba unggah kembali berkas Anda."""" } ```"|SUCCESS|139.28|data/evaluation_output/audio_results\2338_audio02.wav|||
2338_audio03.wav|audio03.txt|[ERROR] Transcription file not found|Can you help aku arrange transport dari Jeddah ke Madinah tomorrow|1.0|0.7576|"```json {   """"perbaikan"""": """"Berkas transkripsi tidak ditemukan."""",   """"tagging"""": """"[EN:Transcription file not found]"""",   """"respon"""": """"Mohon maaf, berkas transkripsi tidak ditemukan. Silakan coba unggah kembali berkas Anda."""" } ```"|SUCCESS|30.1|data/evaluation_output/audio_results\2338_audio03.wav|||
2338_audio04.wav|audio04.txt|[ERROR] Transcription file not found|Explain step by step cara apply visa Saudi dengan benar|1.0|0.8|"```json {   """"perbaikan"""": """"Berkas transkripsi tidak ditemukan."""",   """"tagging"""": """"[EN:Transcription file not found]"""",   """"respon"""": """"Mohon maaf, berkas transkripsi tidak ditemukan. Silakan coba unggah kembali berkas Anda."""" } ```"|SUCCESS|44.6|data/evaluation_output/audio_results\2338_audio04.wav|||
2338_audio05.wav|audio05.txt|[ERROR] Transcription file not found|Ya akhi, uridu book flight ila Jeddah al-usbu'al qadim. Hal bisa bantu ajida afdhal schedule wa rihlatan mubashirah?|1.0|0.8621|"```json {   """"perbaikan"""": """"Berkas transkripsi tidak ditemukan."""",   """"tagging"""": """"[EN:Transcription file not found]"""",   """"respon"""": """"Mohon maaf, berkas transkripsi tidak ditemukan. Silakan coba unggah kembali berkas Anda."""" } ```"|SUCCESS|33.01|data/evaluation_output/audio_results\2338_audio05.wav|||
2338_audio06.wav|audio06.txt|[ERROR] Transcription file not found|Urīdu arrange transport min Jeddah ilā Madinah ghadan|1.0|0.6981|"```json {   """"perbaikan"""": """"Berkas transkripsi tidak ditemukan."""",   """"tagging"""": """"[EN:Transcription file not found]"""",   """"respon"""": """"Mohon maaf, berkas transkripsi tidak ditemukan. Silakan coba unggah kembali berkas Anda."""" } ```"|SUCCESS|32.81|data/evaluation_output/audio_results\2338_audio06.wav|||
2338_audio12.wav|audio12.txt|[ERROR] Transcription file not found|Bagaimana proses visa Saudi untuk umrah dari Indonesia sekarang|1.0|0.7937|"```json {   """"perbaikan"""": """"Berkas transkripsi tidak ditemukan."""",   """"tagging"""": """"[EN:Transcription file not found]"""",   """"respon"""": """"Mohon maaf, berkas transkripsi tidak ditemukan. Silakan coba unggah kembali berkas Anda."""" } ```"|SUCCESS|50.54|data/evaluation_output/audio_results\2338_audio12.wav|||
2338_audio13.wav|audio13.txt|[ERROR] Transcription file not found|Jelaskan step by step cara booking flight ke Jeddah secara online|1.0|0.7538|"```json {   """"perbaikan"""": """"Berkas transkripsi tidak ditemukan."""",   """"tagging"""": """"[EN:Transcription file not found]"""",   """"respon"""": """"Mohon maaf, berkas transkripsi tidak ditemukan. Silakan coba unggah kembali berkas Anda."""" } ```"|SUCCESS|46.63|data/evaluation_output/audio_results\2338_audio13.wav|||
2338_audio15.wav|audio15.txt|[ERROR] Transcription file not found|Tolong buat checklist persiapan umrah termasuk barang wajib dibawa|1.0|0.8182|"```json {   """"perbaikan"""": """"Berkas transkripsi tidak ditemukan."""",   """"tagging"""": """"[EN:Transcription file not found]"""",   """"respon"""": """"Mohon maaf, berkas transkripsi tidak ditemukan. Silakan coba unggah kembali berkas Anda agar saya dapat memprosesnya."""" } ```"|SUCCESS|71.24|data/evaluation_output/audio_results\2338_audio15.wav|||
2338_audio17.wav|audio17.txt|[ERROR] Transcription file not found|Menurut kamu belajar bahasa Arab itu susah gak untuk pemula|1.0|0.7797|"```json {   """"perbaikan"""": """"Berkas transkripsi tidak ditemukan."""",   """"tagging"""": """"[EN:Transcription file not found]"""",   """"respon"""": """"Mohon maaf, berkas transkripsi tidak ditemukan. Silakan coba unggah kembali berkas Anda agar dapat segera diproses."""" } ```"|SUCCESS|30.38|data/evaluation_output/audio_results\2338_audio17.wav|||
2339_audio01.wav|audio01.txt|[ERROR] Transcription file not found|Aku mau book flight ke Jeddah minggu depan, bisa bantu schedule?|1.0|0.8125|"```json {   """"perbaikan"""": """"Berkas transkripsi tidak ditemukan."""",   """"tagging"""": """"[EN:Transcription file not found]"""",   """"respon"""": """"Mohon maaf, berkas transkripsi tidak ditemukan. Silakan unggah kembali berkas Anda agar saya dapat memprosesnya."""" } ```"|SUCCESS|34.64|data/evaluation_output/audio_results\2339_audio01.wav|||
2339_audio02.wav|audio02.txt|[ERROR] Transcription file not found|Aku butuh travel umrah simple tapi include Madinah visit|1.0|0.75|"```json {   """"perbaikan"""": """"Berkas transkripsi tidak ditemukan."""",   """"tagging"""": """"[EN:Transcription file not found]"""",   """"respon"""": """"Mohon maaf, berkas transkripsi tidak ditemukan. Silakan unggah kembali berkas Anda agar dapat segera diproses."""" } ```"|SUCCESS|26.91|data/evaluation_output/audio_results\2339_audio02.wav|||
2339_audio03.wav|audio03.txt|[ERROR] Transcription file not found|Can you help aku arrange transport dari Jeddah ke Madinah tomorrow|1.0|0.7576|"```json {   """"perbaikan"""": """"Berkas transkripsi tidak ditemukan."""",   """"tagging"""": """"[EN:Transcription file not found]"""",   """"respon"""": """"Mohon maaf, berkas transkripsi tidak ditemukan. Silakan coba unggah kembali berkas Anda agar dapat segera diproses."""" } ```"|SUCCESS|30.19|data/evaluation_output/audio_results\2339_audio03.wav|||
2339_audio04.wav|audio04.txt|[ERROR] Transcription file not found|Explain step by step cara apply visa Saudi dengan benar|1.0|0.8|"```json {   """"perbaikan"""": """"Kesalahan: Berkas transkripsi tidak ditemukan."""",   """"tagging"""": """"[EN:Transcription file not found]"""",   """"respon"""": """"Mohon maaf, berkas transkripsi tidak ditemukan. Silakan unggah kembali berkas Anda agar dapat segera diproses."""" } ```"|SUCCESS|30.25|data/evaluation_output/audio_results\2339_audio04.wav|||
2339_audio05.wav|audio05.txt|[ERROR] Transcription file not found|Ya akhi, uridu book flight ila Jeddah al-usbu'al qadim. Hal bisa bantu ajida afdhal schedule wa rihlatan mubashirah?|1.0|0.8621|"```json {   """"perbaikan"""": """"Berkas transkripsi tidak ditemukan."""",   """"tagging"""": """"[EN:Transcription file not found]"""",   """"respon"""": """"Mohon maaf, berkas transkripsi tidak ditemukan. Silakan unggah kembali berkas Anda agar dapat segera diproses."""" } ```"|SUCCESS|22.91|data/evaluation_output/audio_results\2339_audio05.wav|||
2339_audio06.wav|audio06.txt|[ERROR] Transcription file not found|Urīdu arrange transport min Jeddah ilā Madinah ghadan|1.0|0.6981|"```json {   """"perbaikan"""": """"Berkas transkripsi tidak ditemukan."""",   """"tagging"""": """"[EN:Transcription file not found]"""",   """"respon"""": """"Mohon maaf, berkas transkripsi tidak ditemukan. Silakan unggah kembali berkas Anda agar dapat segera diproses."""" } ```"|SUCCESS|25.84|data/evaluation_output/audio_results\2339_audio06.wav|||
2339_audio07.wav|audio07.txt|[ERROR] Transcription file not found|Book flight ke Jeddah lalu lanjut ke Madinah, schedule terbaik kapan|1.0|0.8529|"```json {   """"perbaikan"""": """"Berkas transkripsi tidak ditemukan."""",   """"tagging"""": """"[EN:Transcription file not found]"""",   """"respon"""": """"Mohon maaf, berkas transkripsi tidak ditemukan. Silakan unggah kembali berkas Anda agar dapat segera diproses."""" } ```"|SUCCESS|24.79|data/evaluation_output/audio_results\2339_audio07.wav|||
2339_audio11.wav|audio11.txt|[ERROR] Transcription file not found|kenapa fasting di ramadan itu wajib bagi muslim|1.0|0.8298|"```json {   """"perbaikan"""": """"Berkas transkripsi tidak ditemukan."""",   """"tagging"""": """"[EN:Transcription file not found]"""",   """"respon"""": """"Mohon maaf, berkas transkripsi tidak ditemukan. Silakan coba unggah kembali berkas Anda agar dapat segera diproses."""" } ```"|SUCCESS|22.75|data/evaluation_output/audio_results\2339_audio11.wav|||
2339_audio14.wav|audio14.txt|[ERROR] Transcription file not found|How to prepare dokumen umrah dari Indonesia dengan benar|1.0|0.7679|"```json {   """"perbaikan"""": """"Berkas transkripsi tidak ditemukan."""",   """"tagging"""": """"[EN:Transcription file not found]"""",   """"respon"""": """"Mohon maaf, berkas transkripsi tidak ditemukan. Silakan coba unggah kembali berkas Anda agar dapat segera diproses."""" } ```"|SUCCESS|21.91|data/evaluation_output/audio_results\2339_audio14.wav|||
2339_audio19.wav|audio19.txt|[ERROR] Transcription file not found|ahyanan saya bingung mulai dari mana untuk umrah|1.0|0.8333|"```json {   """"perbaikan"""": """"Berkas transkripsi tidak ditemukan."""",   """"tagging"""": """"[EN:Transcription file not found]"""",   """"respon"""": """"Mohon maaf, berkas transkripsi tidak ditemukan. Silakan unggah kembali berkas Anda agar dapat segera diproses."""" } ```"|SUCCESS|23.28|data/evaluation_output/audio_results\2339_audio19.wav|||
2341_audio01(1).wav|N/A|Aku mau buku flight ke jedah minggu depan. Bisa bantu schedule?|N/A|1.0|1.0|"```json {   """"perbaikan"""": """"Saya ingin memesan penerbangan ke Jeddah minggu depan, bisakah Anda membantu mengatur jadwalnya?"""",   """"tagging"""": """"[ID:Aku mau] [EN:book flight] [ID:ke jedah minggu depan. Bisa bantu] [EN:schedule?]"""",   """"respon"""": """"Anda dapat memeriksa jadwal penerbangan melalui situs resmi maskapai atau agen perjalanan daring. Segera lakukan pemesanan untuk mendapatkan harga dan ketersediaan kursi terbaik."""" } ```"|SUCCESS|32.61|data/evaluation_output/audio_results\2341_audio01(1).wav|||
2341_audio01.wav|audio01.txt|[ERROR] Transcription file not found|Aku mau book flight ke Jeddah minggu depan, bisa bantu schedule?|1.0|0.8125|"```json {   """"perbaikan"""": """"Berkas transkripsi tidak ditemukan."""",   """"tagging"""": """"[EN:Transcription file not found]"""",   """"respon"""": """"Mohon maaf, berkas transkripsi tidak ditemukan. Silakan unggah kembali berkas Anda agar dapat segera diproses."""" } ```"|SUCCESS|23.31|data/evaluation_output/audio_results\2341_audio01.wav|||
2341_audio02(1).wav|N/A|Aku butuh travel umrah simple, tapi ikut Madinah Fisip.|N/A|1.0|1.0|"```json {   """"perbaikan"""": """"Saya membutuhkan paket perjalanan umrah yang praktis, tetapi menyertakan kunjungan ke Madinah."""",   """"tagging"""": """"[ID:Aku butuh travel umrah simple, tapi ikut Madinah Fisip.]"""",   """"respon"""": """"Anda dapat mencari paket umrah praktis yang sudah menyertakan kunjungan ke Madinah melalui biro perjalanan resmi. Pastikan untuk memeriksa rincian rencana perjalanan agar sesuai dengan keinginan Anda."""" } ```"|SUCCESS|32.64|data/evaluation_output/audio_results\2341_audio02(1).wav|||
2341_audio02.wav|audio02.txt|[ERROR] Transcription file not found|Aku butuh travel umrah simple tapi include Madinah visit|1.0|0.75|"```json {   """"perbaikan"""": """"Berkas transkripsi tidak ditemukan."""",   """"tagging"""": """"[EN:Transcription file not found]"""",   """"respon"""": """"Mohon maaf, berkas transkripsi tidak ditemukan. Silakan unggah kembali berkas Anda agar dapat segera diproses."""" } ```"|SUCCESS|24.99|data/evaluation_output/audio_results\2341_audio02.wav|||
2341_audio03(1).wav|N/A|Can you help aku arrange transport dari Jeddah ke Madinah tomorrow?|N/A|1.0|1.0|"```json {   """"perbaikan"""": """"Bisakah Anda membantu saya mengatur transportasi dari Jeddah ke Madinah besok?"""",   """"tagging"""": """"[EN:Can you help] [ID:aku] [EN:arrange transport] [ID:dari Jeddah ke Madinah] [EN:tomorrow?]"""",   """"respon"""": """"Anda dapat memesan tiket kereta cepat atau layanan bus melalui aplikasi resmi untuk perjalanan besok. Segera lakukan pemesanan guna memastikan ketersediaan jadwal dan kursi."""" } ```"|SUCCESS|59.15|data/evaluation_output/audio_results\2341_audio03(1).wav|||
2341_audio03.wav|audio03.txt|[ERROR] Transcription file not found|Can you help aku arrange transport dari Jeddah ke Madinah tomorrow|1.0|0.7576|"```json {   """"perbaikan"""": """"Berkas transkripsi tidak ditemukan."""",   """"tagging"""": """"[EN:Transcription file not found]"""",   """"respon"""": """"Mohon maaf, berkas transkripsi tidak ditemukan. Silakan unggah kembali berkas Anda agar dapat segera diproses."""" } ```"|SUCCESS|49.87|data/evaluation_output/audio_results\2341_audio03.wav|||
2341_audio04(1).wav|N/A|Explain step by step cara apply visa Saudi dengan benar.|N/A|1.0|1.0|"```json {   """"perbaikan"""": """"Jelaskan langkah demi langkah cara mengajukan visa Arab Saudi dengan benar."""",   """"tagging"""": """"[EN:Explain step by step] [ID:cara] [EN:apply] [ID:visa Saudi dengan benar.]"""",   """"respon"""": """"Pertama, kunjungi situs resmi atau aplikasi pengajuan visa Arab Saudi untuk mengisi formulir secara daring. Setelah itu, unggah dokumen pendukung seperti paspor dan selesaikan pembayaran biaya visa yang diperlukan."""" } ```"|SUCCESS|35.26|data/evaluation_output/audio_results\2341_audio04(1).wav|||
2341_audio04.wav|audio04.txt|[ERROR] Transcription file not found|Explain step by step cara apply visa Saudi dengan benar|1.0|0.8|"```json {   """"perbaikan"""": """"Berkas transkripsi tidak ditemukan."""",   """"tagging"""": """"[EN:Transcription file not found]"""",   """"respon"""": """"Mohon maaf, berkas transkripsi tidak ditemukan. Silakan unggah kembali berkas Anda agar dapat segera diproses."""" } ```"|SUCCESS|30.48|data/evaluation_output/audio_results\2341_audio04.wav|||
2341_audio05(1).wav|N/A|Ya akhi, uridu book flight ila jadah al-usbu' al-qadim, hal bisa bantu ajada afdal skijul warih latan mubashirwah?|N/A|1.0|1.0|"```json {   """"perbaikan"""": """"Saudara, saya ingin memesan penerbangan ke Jeddah minggu depan. Bisakah Anda membantu saya menemukan jadwal terbaik untuk penerbangan langsung?"""",   """"tagging"""": """"[AR:Ya akhi], [AR:uridu] [EN:book flight] [AR:ila jadah] [AR:al-usbu' al-qadim], [AR:hal] [ID:bisa bantu] [AR:ajada afdal] [EN:skijul] [AR:warih latan mubashirwah]?"""",   """"respon"""": """"Anda dapat memeriksa jadwal penerbangan langsung ke Jeddah melalui situs resmi maskapai atau agen perjalanan daring. Segera lakukan pemesanan agar Anda mendapatkan waktu keberangkatan yang paling sesuai."""" } ```"|SUCCESS|39.96|data/evaluation_output/audio_results\2341_audio05(1).wav|||
2341_audio05.wav|audio05.txt|[ERROR] Transcription file not found|Ya akhi, uridu book flight ila Jeddah al-usbu'al qadim. Hal bisa bantu ajida afdhal schedule wa rihlatan mubashirah?|1.0|0.8621|"```json {   """"perbaikan"""": """"Berkas transkripsi tidak ditemukan."""",   """"tagging"""": """"[EN:Transcription file not found]"""",   """"respon"""": """"Mohon maaf, berkas transkripsi tidak ditemukan. Silakan unggah kembali berkas Anda agar dapat segera diproses."""" } ```"|SUCCESS|17.08|data/evaluation_output/audio_results\2341_audio05.wav|||
2341_audio06(1).wav|N/A|Uridu Orange Transport menjedah ilama di Nahgadan|N/A|1.0|1.0|"```json {   """"perbaikan"""": """"Saya ingin mengatur transportasi dari Jeddah ke Madinah besok."""",   """"tagging"""": """"[AR:Uridu] [EN:Orange Transport] [AR:menjedah] [AR:ilama] [ID:di Nahgadan]"""",   """"respon"""": """"Anda dapat memesan layanan kereta cepat atau bus melalui aplikasi resmi untuk perjalanan besok. Segera lakukan pemesanan agar Anda mendapatkan jadwal yang sesuai."""" } ```"|SUCCESS|32.59|data/evaluation_output/audio_results\2341_audio06(1).wav|||
2341_audio06.wav|audio06.txt|[ERROR] Transcription file not found|Urīdu arrange transport min Jeddah ilā Madinah ghadan|1.0|0.6981|"```json {   """"perbaikan"""": """"Berkas transkripsi tidak ditemukan."""",   """"tagging"""": """"[EN:Transcription file not found]"""",   """"respon"""": """"Mohon maaf, berkas transkripsi tidak ditemukan. Silakan unggah kembali berkas Anda agar dapat segera diproses."""" } ```"|SUCCESS|31.68|data/evaluation_output/audio_results\2341_audio06.wav|||
2341_audio07(1).wav|N/A|Book flight ke Jodah lalu lanjut ke Madinah, schedule terbaik kapan?|N/A|1.0|1.0|"```json {   """"perbaikan"""": """"Bagaimana jadwal terbaik untuk memesan penerbangan ke Jeddah dan kemudian melanjutkan perjalanan ke Madinah?"""",   """"tagging"""": """"[EN:Book flight] [ID:ke Jodah lalu lanjut ke Madinah,] [EN:schedule] [ID:terbaik kapan?]"""",   """"respon"""": """"Jadwal terbaik sangat bergantung pada musim perjalanan dan ketersediaan tiket maskapai penerbangan. Anda disarankan untuk memeriksa situs resmi maskapai guna mendapatkan informasi waktu keberangkatan yang paling efisien."""" } ```"|SUCCESS|35.46|data/evaluation_output/audio_results\2341_audio07(1).wav|||
2341_audio07.wav|audio07.txt|[ERROR] Transcription file not found|Book flight ke Jeddah lalu lanjut ke Madinah, schedule terbaik kapan|1.0|0.8529|"```json {   """"perbaikan"""": """"Berkas transkripsi tidak ditemukan."""",   """"tagging"""": """"[EN:Transcription file not found]"""",   """"respon"""": """"Mohon maaf, berkas transkripsi tidak ditemukan. Silakan unggah kembali berkas Anda agar dapat segera diproses."""" } ```"|SUCCESS|31.12|data/evaluation_output/audio_results\2341_audio07.wav|||
2341_audio08(1).wav|N/A|Bagaimana proses visa Saudi untuk umrah dari Indonesia sekarang?|N/A|1.0|1.0|"```json {   """"perbaikan"""": """"Bagaimana proses pengajuan visa Arab Saudi untuk umrah dari Indonesia saat ini?"""",   """"tagging"""": """"[ID:Bagaimana proses visa Saudi untuk umrah dari Indonesia sekarang?]"""",   """"respon"""": """"Saat ini, Anda dapat mengajukan visa umrah secara daring melalui platform resmi seperti Nusuk atau melalui biro perjalanan umrah yang terdaftar. Pastikan Anda telah menyiapkan paspor, bukti vaksinasi, dan dokumen pendukung lainnya sesuai ketentuan terbaru."""" } ```"|SUCCESS|53.29|data/evaluation_output/audio_results\2341_audio08(1).wav|||
2341_audio08.wav|audio08.txt|[ERROR] Transcription file not found|uridu schedule trip min jeddah ila makkah bukra sabah|1.0|0.8302|"```json {   """"perbaikan"""": """"Berkas transkripsi tidak ditemukan."""",   """"tagging"""": """"[EN:Transcription file not found]"""",   """"respon"""": """"Mohon maaf, berkas transkripsi tidak ditemukan. Silakan unggah kembali berkas Anda agar dapat segera diproses."""" } ```"|SUCCESS|26.98|data/evaluation_output/audio_results\2341_audio08.wav|||
2341_audio09(1).wav|N/A|How to prepare dokumen umrah dari Indonesia dengan benar?|N/A|1.0|1.0|"```json {   """"perbaikan"""": """"Bagaimana cara menyiapkan dokumen umrah dari Indonesia dengan benar?"""",   """"tagging"""": """"[EN:How to prepare] [ID:dokumen umrah dari Indonesia dengan benar?]"""",   """"respon"""": """"Anda perlu menyiapkan paspor dengan masa berlaku minimal enam bulan, visa umrah, serta bukti vaksinasi yang diperlukan. Pastikan Anda berkonsultasi dengan biro perjalanan resmi untuk memastikan seluruh persyaratan dokumen telah terpenuhi."""" } ```"|SUCCESS|33.15|data/evaluation_output/audio_results\2341_audio09(1).wav|||
2341_audio09.wav|audio09.txt|[ERROR] Transcription file not found|mumkin book transport min makkah ila madinah untuk besok?|1.0|0.7193|"```json {   """"perbaikan"""": """"Berkas transkripsi tidak ditemukan."""",   """"tagging"""": """"[EN:Transcription file not found]"""",   """"respon"""": """"Mohon maaf, berkas transkripsi tidak ditemukan. Silakan unggah kembali berkas Anda agar dapat segera diproses."""" } ```"|SUCCESS|25.69|data/evaluation_output/audio_results\2341_audio09.wav|||
2341_audio10(1).wav|N/A|Menurut kamu, belajar bahasa Arab itu susah nggak untuk pemula?|N/A|1.0|1.0|"```json {   """"perbaikan"""": """"Menurut Anda, apakah belajar bahasa Arab sulit bagi pemula?"""",   """"tagging"""": """"[ID:Menurut kamu, belajar bahasa Arab itu susah nggak untuk pemula?]"""",   """"respon"""": """"Tingkat kesulitan belajar bahasa Arab sangat bergantung pada metode dan konsistensi Anda dalam belajar. Bagi pemula, mempelajari kosakata dasar dan tata bahasa secara rutin akan sangat membantu proses pembelajaran."""" } ```"|SUCCESS|36.64|data/evaluation_output/audio_results\2341_audio10(1).wav|||
2341_audio10.wav|audio10.txt|[ERROR] Transcription file not found|Apa perbedaan umrah dan hajj secara detail dalam Islam|1.0|0.8148|"```json {   """"perbaikan"""": """"Berkas transkripsi tidak ditemukan."""",   """"tagging"""": """"[EN:Transcription file not found]"""",   """"respon"""": """"Mohon maaf, berkas transkripsi tidak ditemukan. Silakan unggah kembali berkas Anda agar dapat segera diproses."""" } ```"|SUCCESS|23.15|data/evaluation_output/audio_results\2341_audio10.wav|||
2342_audio01.wav|audio01.txt|Aku mau book flight ke Jeddah minggu depan bisa bantu schedule|Aku mau book flight ke Jeddah minggu depan, bisa bantu schedule?|0.1818|0.0312|"```json {   """"perbaikan"""": """"Saya ingin memesan tiket pesawat ke Jeddah minggu depan, bisakah Anda membantu mengatur jadwalnya?"""",   """"tagging"""": """"[ID:Aku mau] [EN:book flight] [ID:ke Jeddah minggu depan bisa bantu] [EN:schedule]"""",   """"respon"""": """"Anda dapat memeriksa jadwal penerbangan melalui situs resmi maskapai atau agen perjalanan daring. Segera lakukan pemesanan untuk mendapatkan harga dan ketersediaan kursi terbaik."""" } ```"|SUCCESS|35.85|data/evaluation_output/audio_results\2342_audio01.wav|||
2342_audio02.wav|audio02.txt|Aku butuh travel umroh simple tapi include Madinah visit|Aku butuh travel umrah simple tapi include Madinah visit|0.1111|0.0179|"```json {   """"perbaikan"""": """"Saya membutuhkan biro perjalanan umrah yang praktis namun sudah mencakup kunjungan ke Madinah."""",   """"tagging"""": """"[ID:Aku butuh travel umroh simple tapi include Madinah visit]"""",   """"respon"""": """"Anda dapat mencari paket umrah praktis yang sudah mencakup kunjungan ke Madinah melalui agen perjalanan resmi. Pastikan untuk meninjau rincian rencana perjalanan agar sesuai dengan kebutuhan Anda."""" } ```"|SUCCESS|32.65|data/evaluation_output/audio_results\2342_audio02.wav|||
2342_audio03.wav|audio03.txt|"""Can you help aku arrange transport dari Jeddah ke Madinah tomorrow?"""|Can you help aku arrange transport dari Jeddah ke Madinah tomorrow|0.1818|0.0455|"```json {   """"perbaikan"""": """"Bisakah Anda membantu saya mengatur transportasi dari Jeddah ke Madinah besok?"""",   """"tagging"""": """"[EN:Can you help] [ID:aku] [EN:arrange transport] [ID:dari Jeddah ke Madinah] [EN:tomorrow?]"""",   """"respon"""": """"Anda dapat memesan tiket kereta cepat atau layanan bus melalui aplikasi resmi untuk perjalanan besok. Segera lakukan pemesanan guna memastikan ketersediaan jadwal dan kursi."""" } ```"|SUCCESS|166.3|data/evaluation_output/audio_results\2342_audio03.wav|||
2342_audio04.wav|audio04.txt|Explain step by step cara apply visa Saudi dengan penan.|Explain step by step cara apply visa Saudi dengan benar|0.1|0.0545|"```json {   """"perbaikan"""": """"Jelaskan langkah demi langkah cara mengajukan visa Arab Saudi dengan benar."""",   """"tagging"""": """"[EN:Explain step by step] [ID:cara apply visa Saudi dengan] [EN:penan.]"""",   """"respon"""": """"Pertama, kunjungi situs resmi atau aplikasi pengajuan visa Arab Saudi untuk mengisi formulir secara daring. Selanjutnya, unggah dokumen pendukung yang diperlukan dan selesaikan pembayaran biaya visa Anda."""" } ```"|SUCCESS|74.35|data/evaluation_output/audio_results\2342_audio04.wav|||
2342_audio05.wav|audio05.txt|Ya ahri uridu wabukrai ila ajadda al-usbu'al qadim hal bisa bantu ajidah afdol skedul wa rihlatan mubashirah|Ya akhi, uridu book flight ila Jeddah al-usbu'al qadim. Hal bisa bantu ajida afdhal schedule wa rihlatan mubashirah?|0.5|0.2069|"```json {   """"perbaikan"""": """"Saudara, saya ingin memesan penerbangan ke Jeddah minggu depan. Bisakah Anda membantu saya menemukan jadwal terbaik untuk penerbangan langsung?"""",   """"tagging"""": """"[AR:Ya ahri] [AR:uridu] [EN:wabukrai] [AR:ila ajadda] [AR:al-usbu'al qadim] [AR:hal] [ID:bisa bantu] [AR:ajidah afdol] [EN:skedul] [AR:wa rihlatan mubashirah]"""",   """"respon"""": """"Anda dapat memeriksa jadwal penerbangan langsung ke Jeddah melalui situs resmi maskapai atau agen perjalanan daring. Segera lakukan pemesanan agar Anda mendapatkan waktu keberangkatan yang paling sesuai dengan rencana Anda."""" } ```"|SUCCESS|60.83|data/evaluation_output/audio_results\2342_audio05.wav|||
2342_audio06.wav|audio06.txt|Uridu range transport min Jadda ila Madinah Khoden.|Urīdu arrange transport min Jeddah ilā Madinah ghadan|0.625|0.1887|"```json {   """"perbaikan"""": """"Saya ingin mengatur transportasi dari Jeddah ke Madinah besok."""",   """"tagging"""": """"[AR:Uridu] [EN:range transport] [AR:min] [ID:Jadda] [AR:ila] [ID:Madinah] [AR:Khoden]"""",   """"respon"""": """"Anda dapat menggunakan layanan kereta cepat atau bus untuk perjalanan dari Jeddah ke Madinah besok. Disarankan untuk segera melakukan pemesanan guna memastikan ketersediaan jadwal."""" } ```"|SUCCESS|58.8|data/evaluation_output/audio_results\2342_audio06.wav|||
2342_audio10.wav|audio10.txt|Apa perbedaan umroh dan hajj secara detail dalam Islam?|Apa perbedaan umrah dan hajj secara detail dalam Islam|0.2222|0.037|"```json {   """"perbaikan"""": """"Apa perbedaan antara umrah dan haji secara mendetail dalam ajaran Islam?"""",   """"tagging"""": """"[ID:Apa perbedaan umroh dan hajj secara detail dalam Islam?]"""",   """"respon"""": """"Perbedaan utama terletak pada waktu pelaksanaan, di mana haji hanya dilakukan pada bulan Zulhijah sedangkan umrah dapat dilakukan kapan saja. Selain itu, haji memiliki rukun yang lebih banyak, termasuk wukuf di Arafah yang tidak ada dalam ibadah umrah."""" } ```"|SUCCESS|59.04|data/evaluation_output/audio_results\2342_audio10.wav|||
2342_audio11.wav|audio11.txt|Kenapa fasting di Ramadan itu wajib bagi muslim?|kenapa fasting di ramadan itu wajib bagi muslim|0.125|0.0213|"```json {   """"perbaikan"""": """"Mengapa berpuasa di bulan Ramadan itu wajib bagi umat Muslim?"""",   """"tagging"""": """"[ID:Kenapa fasting di Ramadan itu wajib bagi muslim?]"""",   """"respon"""": """"Puasa Ramadan diwajibkan berdasarkan perintah Allah SWT dalam Al-Qur'an untuk meningkatkan ketakwaan. Selain itu, ibadah ini bertujuan untuk melatih pengendalian diri, empati terhadap sesama, dan pembersihan jiwa."""" } ```"|SUCCESS|31.86|data/evaluation_output/audio_results\2342_audio11.wav|||
2342_audio14.wav|audio14.txt|How to prepare dokumen umroh dari Indonesia dengan benar?|How to prepare dokumen umrah dari Indonesia dengan benar|0.2222|0.0357|"```json {   """"perbaikan"""": """"Bagaimana cara menyiapkan dokumen umrah dari Indonesia dengan benar?"""",   """"tagging"""": """"[EN:How to prepare] [ID:dokumen umroh dari Indonesia dengan benar?]"""",   """"respon"""": """"Anda perlu menyiapkan paspor dengan masa berlaku minimal enam bulan, visa umrah, serta dokumen kesehatan yang diperlukan. Disarankan untuk berkonsultasi dengan biro perjalanan resmi guna memastikan seluruh persyaratan administrasi telah terpenuhi dengan benar."""" } ```"|SUCCESS|33.96|data/evaluation_output/audio_results\2342_audio14.wav|||
2342_audio19.wav|audio19.txt|Ah yanan saya bingung mulai dari mana untuk umroh|ahyanan saya bingung mulai dari mana untuk umrah|0.375|0.0417|"```json {   """"perbaikan"""": """"Aduh, saya bingung harus mulai dari mana untuk melaksanakan umrah."""",   """"tagging"""": """"[ID:Ah yanan saya bingung mulai dari mana untuk umroh]"""",   """"respon"""": """"Anda dapat memulai dengan menentukan anggaran dan waktu keberangkatan yang diinginkan. Setelah itu, pilihlah biro perjalanan resmi untuk membantu mengurus dokumen dan akomodasi Anda."""" } ```"|SUCCESS|35.09|data/evaluation_output/audio_results\2342_audio19.wav|||
2343_audio1.wav|audio01.txt|Aku mau book flight ke Jeddah minggu depan, bisa bantu schedule?|Aku mau book flight ke Jeddah minggu depan, bisa bantu schedule?|0.0|0.0|"```json {   """"perbaikan"""": """"Saya ingin memesan tiket pesawat ke Jeddah minggu depan, bisakah Anda membantu mengatur jadwalnya?"""",   """"tagging"""": """"[ID:Aku mau] [EN:book flight] [ID:ke Jeddah minggu depan, bisa bantu] [EN:schedule?]"""",   """"respon"""": """"Anda dapat memeriksa jadwal penerbangan melalui situs resmi maskapai atau agen perjalanan daring. Segera lakukan pemesanan agar Anda mendapatkan harga dan ketersediaan kursi yang terbaik."""" } ```"|SUCCESS|33.33|data/evaluation_output/audio_results\2343_audio1.wav|||
2343_audio12.wav|audio12.txt|Bagaimana proses visa Saudi untuk umrah dari Indonesia sekarang?|Bagaimana proses visa Saudi untuk umrah dari Indonesia sekarang|0.1111|0.0159|"```json {   """"perbaikan"""": """"Bagaimana proses pengajuan visa Arab Saudi untuk umrah dari Indonesia saat ini?"""",   """"tagging"""": """"[ID:Bagaimana proses visa Saudi untuk umrah dari Indonesia sekarang?]"""",   """"respon"""": """"Proses visa umrah saat ini dapat dilakukan secara daring melalui platform resmi seperti Nusuk atau melalui biro perjalanan umrah yang telah terdaftar. Anda perlu menyiapkan paspor, bukti vaksinasi, dan mengikuti prosedur administrasi yang ditetapkan oleh pihak otoritas Arab Saudi."""" } ```"|SUCCESS|43.5|data/evaluation_output/audio_results\2343_audio12.wav|||
2343_audio14.wav|audio14.txt|How to prepare dokumen umrah dari Indonesia dengan benar?|How to prepare dokumen umrah dari Indonesia dengan benar|0.1111|0.0179|"```json {   """"perbaikan"""": """"Bagaimana cara menyiapkan dokumen umrah dari Indonesia dengan benar?"""",   """"tagging"""": """"[EN:How to prepare] [ID:dokumen umrah dari Indonesia dengan benar?]"""",   """"respon"""": """"Anda perlu menyiapkan paspor dengan masa berlaku minimal enam bulan, visa umrah, serta dokumen kesehatan yang diperlukan. Pastikan seluruh dokumen tersebut telah diverifikasi oleh biro perjalanan resmi Anda."""" } ```"|SUCCESS|35.5|data/evaluation_output/audio_results\2343_audio14.wav|||
2343_audio16.wav|audio16.txt|guide aku cara pilih hotel di Mekah dekat haram dengan budget terbatas|Guide aku cara pilih hotel di Makkah dekat Haram dengan budget terbatas|0.0833|0.0282|"```json {   """"perbaikan"""": """"Pandu saya cara memilih hotel di Mekah yang dekat dengan Masjidil Haram dengan anggaran terbatas."""",   """"tagging"""": """"[EN:guide] [ID:aku cara pilih hotel di Mekah dekat haram dengan budget terbatas]"""",   """"respon"""": """"Anda dapat mencari hotel di area perluasan atau area yang sedikit lebih jauh namun memiliki akses bus shalawat gratis. Gunakan aplikasi pemesanan hotel dan atur filter harga terendah serta perhatikan ulasan mengenai jarak berjalan kaki ke Masjidil Haram."""" } ```"|SUCCESS|36.25|data/evaluation_output/audio_results\2343_audio16.wav|||
2343_audio18.wav|audio18.txt|"I will apprehend dengan persiapan umroh
 ada tips sederhana"|I feel overwhelmed dengan persiapan umrah, ada tips sederhana?|0.4444|0.2097|"```json {   """"perbaikan"""": """"Saya merasa kewalahan dengan persiapan umrah, apakah ada tips sederhana?"""",   """"tagging"""": """"[EN:I will apprehend] [ID:dengan persiapan umroh ada tips sederhana]"""",   """"respon"""": """"Anda dapat mulai dengan membuat daftar perlengkapan dan dokumen penting secara bertahap. Selain itu, menggunakan jasa biro perjalanan resmi dapat membantu membuat persiapan Anda menjadi lebih terorganisir."""" } ```"|SUCCESS|39.56|data/evaluation_output/audio_results\2343_audio18.wav|||
2343_audio2.wav|audio02.txt|Aku butuh travel umrah simple tapi include Madinah visit.|Aku butuh travel umrah simple tapi include Madinah visit|0.1111|0.0179|"```json {   """"perbaikan"""": """"Saya membutuhkan biro perjalanan umrah yang praktis tetapi sudah termasuk kunjungan ke Madinah."""",   """"tagging"""": """"[ID:Aku butuh travel umrah simple tapi include Madinah visit.]"""",   """"respon"""": """"Anda dapat mencari paket umrah praktis yang sudah mencakup kunjungan ke Madinah melalui agen perjalanan resmi. Pastikan untuk meninjau rincian rencana perjalanan agar sesuai dengan kebutuhan Anda."""" } ```"|SUCCESS|37.23|data/evaluation_output/audio_results\2343_audio2.wav|||
2343_audio3.wav|audio03.txt|Can you help aku arrange transport dari Jeddah ke Bandinah to morrow?|Can you help aku arrange transport dari Jeddah ke Madinah tomorrow|0.2727|0.0606|"```json {   """"perbaikan"""": """"Bisakah Anda membantu saya mengatur transportasi dari Jeddah ke Madinah besok?"""",   """"tagging"""": """"[EN:Can you help] [ID:aku] [EN:arrange transport] [ID:dari Jeddah ke] [ID:Bandinah] [EN:to morrow?]"""",   """"respon"""": """"Anda dapat memesan tiket kereta cepat atau bus melalui aplikasi resmi untuk perjalanan besok. Segera lakukan pemesanan guna memastikan ketersediaan jadwal dan kursi."""" } ```"|SUCCESS|36.34|data/evaluation_output/audio_results\2343_audio3.wav|||
2343_audio4.wav|audio04.txt|Explain step-by-step cara apply visa Saudi dengan benar.|Explain step by step cara apply visa Saudi dengan benar|0.4|0.0545|"```json {   """"perbaikan"""": """"Jelaskan langkah demi langkah cara mengajukan visa Arab Saudi dengan benar."""",   """"tagging"""": """"[EN:Explain step-by-step] [ID:cara] [EN:apply] [ID:visa Saudi dengan benar.]"""",   """"respon"""": """"Pertama, kunjungi situs resmi atau aplikasi Nusuk untuk mengisi formulir pengajuan visa secara daring. Selanjutnya, unggah dokumen pendukung seperti paspor dan bukti kesehatan, lalu selesaikan pembayaran biaya visa yang ditentukan."""" } ```"|SUCCESS|38.02|data/evaluation_output/audio_results\2343_audio4.wav|||
2343_audio5.wav|audio05.txt|Ya ahi, uri dubuk flek ila jerdah usbuk al-qadim hal bisa bantu ajidah afdal skedul warih latan musibaroh.|Ya akhi, uridu book flight ila Jeddah al-usbu'al qadim. Hal bisa bantu ajida afdhal schedule wa rihlatan mubashirah?|0.7222|0.2672|"```json {   """"perbaikan"""": """"Saudara, saya ingin memesan penerbangan ke Jeddah minggu depan. Bisakah Anda membantu saya menemukan jadwal terbaik untuk penerbangan langsung?"""",   """"tagging"""": """"[AR:Ya ahi], [AR:uri dubuk] [EN:flek] [AR:ila jerdah] [AR:usbuk al-qadim] [AR:hal] [ID:bisa bantu] [AR:ajidah afdal] [EN:skedul] [AR:warih latan musibaroh]"""",   """"respon"""": """"Anda dapat memeriksa jadwal penerbangan langsung ke Jeddah melalui situs resmi maskapai atau agen perjalanan daring. Disarankan untuk segera melakukan pemesanan agar Anda mendapatkan waktu keberangkatan yang paling sesuai."""" } ```"|SUCCESS|39.72|data/evaluation_output/audio_results\2343_audio5.wav|||
2343_audio6.wav|audio06.txt|uridu red transport minjedah ilah madinah godon|Urīdu arrange transport min Jeddah ilā Madinah ghadan|0.75|0.2642|"```json {   """"perbaikan"""": """"Saya ingin mengatur transportasi dari Jeddah ke Madinah besok."""",   """"tagging"""": """"[AR:uridu] [EN:red transport] [AR:min] [ID:jedah] [AR:ilah] [ID:madinah] [AR:godon]"""",   """"respon"""": """"Anda dapat memesan tiket kereta cepat atau layanan bus melalui aplikasi resmi untuk perjalanan besok. Segera lakukan pemesanan guna memastikan ketersediaan jadwal."""" } ```"|SUCCESS|33.94|data/evaluation_output/audio_results\2343_audio6.wav|||
2344_audio1.m4a.wav|N/A|Aku mau book flight ke jedah minggu depan, bisa bantu schedule?|N/A|1.0|1.0|"```json {   """"perbaikan"""": """"Saya ingin memesan penerbangan ke Jeddah minggu depan, bisakah Anda membantu mengatur jadwalnya?"""",   """"tagging"""": """"[ID:Aku mau] [EN:book flight] [ID:ke jedah minggu depan, bisa bantu] [EN:schedule?]"""",   """"respon"""": """"Anda dapat memeriksa jadwal penerbangan melalui situs resmi maskapai atau agen perjalanan daring. Segera lakukan pemesanan agar Anda mendapatkan harga dan ketersediaan kursi terbaik."""" } ```"|SUCCESS|49.61|data/evaluation_output/audio_results\2344_audio1.m4a.wav|||
2344_audio10.m4a.wav|N/A|Apa perbedaan umroh dan haji secara detail dalam Islam?|N/A|1.0|1.0|"```json {   """"perbaikan"""": """"Apa perbedaan antara umrah dan haji secara mendetail dalam ajaran Islam?"""",   """"tagging"""": """"[ID:Apa perbedaan umroh dan haji secara detail dalam Islam?]"""",   """"respon"""": """"Perbedaan utama terletak pada hukum dan waktu pelaksanaannya; haji wajib dilakukan pada waktu tertentu dan memiliki rukun yang lebih banyak, sedangkan umrah dapat dilakukan kapan saja dengan rukun yang lebih ringkas."""" } ```"|SUCCESS|76.4|data/evaluation_output/audio_results\2344_audio10.m4a.wav|||
2344_audio13.wav|audio13.txt|Jelaskan step by step cara booking flight ke jedah secara online|Jelaskan step by step cara booking flight ke Jeddah secara online|0.0909|0.0154|"```json {   """"perbaikan"""": """"Jelaskan langkah demi langkah cara memesan tiket pesawat ke Jeddah secara daring."""",   """"tagging"""": """"[ID:Jelaskan] [EN:step by step] [ID:cara] [EN:booking flight] [ID:ke jedah secara online]"""",   """"respon"""": """"Pertama, kunjungi situs resmi maskapai atau agen perjalanan daring dan pilih jadwal penerbangan ke Jeddah. Selanjutnya, masukkan data penumpang dengan lengkap serta selesaikan proses pembayaran Anda secara daring."""" } ```"|SUCCESS|83.24|data/evaluation_output/audio_results\2344_audio13.wav|||
2344_audio17.wav|audio17.txt|Menurut kamu, belajar bahasa Arab itu susah gak untuk pemula?|Menurut kamu belajar bahasa Arab itu susah gak untuk pemula|0.2|0.0339|"```json {   """"perbaikan"""": """"Menurut Anda, apakah belajar bahasa Arab sulit bagi pemula?"""",   """"tagging"""": """"[ID:Menurut kamu, belajar bahasa Arab itu susah gak untuk pemula?]"""",   """"respon"""": """"Tingkat kesulitan belajar bahasa Arab sangat bergantung pada metode dan konsistensi belajar Anda. Bagi pemula, mempelajari alfabet dan kosakata dasar secara rutin akan sangat membantu proses pembelajaran."""" } ```"|SUCCESS|55.77|data/evaluation_output/audio_results\2344_audio17.wav|||
2344_audio2.m4a.wav|N/A|Aku butuh travel umroh simple, tapi ikut Madinah visit.|N/A|1.0|1.0|"```json {   """"perbaikan"""": """"Saya membutuhkan paket perjalanan umrah yang praktis, namun sudah termasuk kunjungan ke Madinah."""",   """"tagging"""": """"[ID:Aku butuh travel umroh simple, tapi ikut Madinah visit.]"""",   """"respon"""": """"Anda dapat mencari paket umrah praktis yang sudah mencakup kunjungan ke Madinah melalui agen perjalanan resmi. Pastikan untuk memeriksa detail rencana perjalanan agar sesuai dengan keinginan Anda."""" } ```"|SUCCESS|35.18|data/evaluation_output/audio_results\2344_audio2.m4a.wav|||
2344_audio20.m4a.wav|N/A|Translate ke English, aku mau pergi ke Mekah minggu depan.|N/A|1.0|1.0|"```json {   """"perbaikan"""": """"Terjemahkan ke dalam bahasa Inggris: Saya ingin pergi ke Mekah minggu depan."""",   """"tagging"""": """"[EN:Translate ke English], [ID:aku mau pergi ke Mekah minggu depan.]"""",   """"respon"""": """"Terjemahan dalam bahasa Inggris adalah: 'I want to go to Mecca next week'."""" } ```"|SUCCESS|32.25|data/evaluation_output/audio_results\2344_audio20.m4a.wav|||
2344_audio3.m4a.wav|N/A|Can you help aku arrange transport dari Jeddah ke Madinah tomorrow?|N/A|1.0|1.0|"```json {   """"perbaikan"""": """"Bisakah Anda membantu saya mengatur transportasi dari Jeddah ke Madinah besok?"""",   """"tagging"""": """"[EN:Can you help] [ID:aku] [EN:arrange transport] [ID:dari Jeddah ke Madinah] [EN:tomorrow?]"""",   """"respon"""": """"Anda dapat memesan tiket kereta cepat atau layanan bus melalui aplikasi resmi untuk perjalanan besok. Segera lakukan pemesanan guna memastikan ketersediaan jadwal dan kursi."""" } ```"|SUCCESS|35.88|data/evaluation_output/audio_results\2344_audio3.m4a.wav|||
2344_audio4.wav|audio04.txt|Explain step by step cara apply visa Saudi dengan benar|Explain step by step cara apply visa Saudi dengan benar|0.0|0.0|"```json {   """"perbaikan"""": """"Jelaskan langkah demi langkah cara mengajukan visa Arab Saudi dengan benar."""",   """"tagging"""": """"[EN:Explain step by step] [ID:cara] [EN:apply] [ID:visa Saudi dengan benar]"""",   """"respon"""": """"Pertama, kunjungi situs resmi atau aplikasi pengajuan visa Arab Saudi untuk mengisi formulir secara daring. Kemudian, unggah dokumen yang diperlukan seperti paspor dan selesaikan pembayaran biaya visa tersebut."""" } ```"|SUCCESS|34.59|data/evaluation_output/audio_results\2344_audio4.wav|||
2344_audio5.m4a.wav|N/A|Ya akhi, uri dubuk flyk ila jedah al-usbu'al qadim, hal bisa bantu ajidah afdal skedul warih latan mubashirah?|N/A|1.0|1.0|"```json {   """"perbaikan"""": """"Saudara, saya ingin memesan penerbangan ke Jeddah minggu depan. Bisakah Anda membantu saya menemukan jadwal terbaik untuk penerbangan langsung?"""",   """"tagging"""": """"[AR:Ya akhi], [AR:uri dubuk] [EN:flyk] [AR:ila jedah] [AR:al-usbu'al qadim], [AR:hal] [ID:bisa bantu] [AR:ajidah afdal] [EN:skedul] [AR:warih latan mubashirah]?"""",   """"respon"""": """"Anda dapat memeriksa jadwal penerbangan langsung ke Jeddah melalui situs resmi maskapai atau agen perjalanan daring. Segera lakukan pemesanan agar Anda mendapatkan waktu keberangkatan yang paling sesuai."""" } ```"|SUCCESS|45.54|data/evaluation_output/audio_results\2344_audio5.m4a.wav|||
2344_audio6.m4a.wav|N/A|Uri do arrange transport min jeddah ila Madinah Gadan|N/A|1.0|1.0|"```json {   """"perbaikan"""": """"Saya ingin mengatur transportasi dari Jeddah ke Madinah besok."""",   """"tagging"""": """"[AR:Uri do] [EN:arrange transport] [AR:min] [ID:jeddah] [AR:ila] [ID:Madinah] [AR:Gadan]"""",   """"respon"""": """"Anda dapat memesan tiket kereta cepat atau layanan bus melalui aplikasi resmi untuk perjalanan besok. Segera lakukan pemesanan guna memastikan ketersediaan jadwal dan kursi."""" } ```"|SUCCESS|82.8|data/evaluation_output/audio_results\2344_audio6.m4a.wav|||
2345_audio01.wav|audio01.txt|Aku mau book flight ke Jeddah minggu depan, bisa bantu schedule?|Aku mau book flight ke Jeddah minggu depan, bisa bantu schedule?|0.0|0.0|"```json {   """"perbaikan"""": """"Saya ingin memesan tiket pesawat ke Jeddah minggu depan, bisakah Anda membantu mengatur jadwalnya?"""",   """"tagging"""": """"[ID:Aku mau] [EN:book flight] [ID:ke Jeddah minggu depan, bisa bantu] [EN:schedule?]"""",   """"respon"""": """"Anda dapat memeriksa jadwal penerbangan melalui situs resmi maskapai atau agen perjalanan daring. Segera lakukan pemesanan untuk memastikan ketersediaan kursi dan mendapatkan harga terbaik."""" } ```"|SUCCESS|179.54|data/evaluation_output/audio_results\2345_audio01.wav|||
